2024_RANK,2023_RANK,Institution_Name,Location,Location.1,SIZE,FOCUS,RES.,STATUS,AR_SCORE,AR_RANK,ER_SCORE,ER_RANK,FS_SCORE,FS_RANK,CF_SCORE,CF_RANK,IF_SCORE,IF_RANK,IS_SCORE,IS_RANK,IRN_SCORE,IRN_RANK,EO_SCORE,EO_RANK,S_Score,S_Rank,OVERALL_SCORE,2023_RANK_ORIGINAL,2024_RANK_ORIGINAL,Is_Rank_Range
1.0,1.0,Massachusetts Institute of Technology (MIT) ,US,United States,M,CO,VH,B,100,4,100,2,100,16,100,4,100,56,88.2,128,94.3,58,100,4,95.2,51,100,1.0,1.0,False
2.0,2.0,University of Cambridge,UK,United Kingdom,L,FC,VH,A,100,3,100,4,100,14,92.3,68,100,64,95.8,85,99.9,7,100,6,97.3,33=,99.2,2.0,2.0,False
3.0,4.0,University of Oxford,UK,United Kingdom,L,FC,VH,A,100,2,100,5,100,8,90.6,73,98.2,110,98.2,60,100,1,100,3,97.8,26=,98.9,4.0,3.0,False
4.0,5.0,Harvard University,US,United States,L,FC,VH,B,100,1,100,1,98.3,44,100,1,84.6,210,66.8,223,100,5,100,1,96.7,39,98.3,5.0,4.0,False
5.0,3.0,Stanford University,US,United States,L,FC,VH,B,100,5,100,3,100,11,99.9,8,99.9,78,51.2,284,95.8,44,100,2,94.4,63,98.1,3.0,5.0,False
6.0,6.0,Imperial College London,UK,United Kingdom,L,FC,VH,A,98.3,23,99.4,12,98.5,42,94,58,100,61,100,14,96.7,35,83,45,94.4,61=,97.8,6.0,6.0,False
7.0,9.0,ETH Zurich - Swiss Federal Institute of Technology,CH,Switzerland,L,FO,VH,A,98.8,19,83.6,62,72.1,177,98.9,21,100,22,98.5,56,96,42,79.1,52,88.4,103=,93.3,9.0,7.0,False
8.0,11.0,National University of Singapore (NUS),SG,Singapore,XL,FC,VH,A,99.4,15,88.6,54,76.5,157,93.2,64,100,33,81.9,154,76.3,165,100,7,88.1,106=,92.7,11.0,8.0,False
9.0,8.0,UCL,UK,United Kingdom,XL,FC,VH,A,99.5,13,97.9,22,98.4,43,74.3,131,99.1,96,100,15,100,2,51.6,126,92.5,74,92.4,8.0,9.0,False
10.0,27.0,"University of California, Berkeley (UCB)",US,United States,XL,FC,VH,A,100,6,100,6,20.5,656,99.9,7,92.2,172,63.9,235,92.4,66,98.7,15,100,1,90.4,27.0,10.0,False
11.0,10.0,University of Chicago,US,United States,L,FC,VH,B,99.1,17,95.4,38,92.5,72,78.5,122,81.2,225,84.4,145,61.4,236,98.3,17,81.7,137=,90.3,10.0,11.0,False
12.0,13.0,University of Pennsylvania,US,United States,L,FC,VH,B,96.4,29,89.1,52,99.9,24,68.4,153,96,140,70.3,208,83.3,129,100,5,99.9,3=,89.4,13.0,12.0,False
13.0,20.0,Cornell University,US,United States,L,FC,VH,B,98.1,26,90.5,47,52.9,297,99.1,18,68.7,283,64,234,79.9,144,98,18,94.7,58=,89.3,20.0,13.0,False
14.0,33.0,The University of Melbourne,AU,Australia,XL,FC,VH,A,98.4,21,92.3,45,15.4,701+,92.1,69,92.9,166,99.7,36,97.2,30,93.3,31,90.4,92=,87.9,33.0,14.0,False
15.0,6.0,California Institute of Technology (Caltech),US,United States,S,CO,VH,B,96.1,30,93.7,41,100,5,100,3,100,63,81,159,22.8,521,34.2,225,41.4,357,87.8,6.0,15.0,False
16.0,18.0,Yale University,US,United States,M,FC,VH,B,99.9,9,99.9,7,100,3,45.8,293,89.8,184,78.8,169,85.8,112,99.9,9,99.2,13,87.7,18.0,16.0,False
17.0,12.0,Peking University,CN,China (Mainland),XL,FC,VH,A,99.4,14,95.4,37,90.4,85,97.5,38,50.8,354,23.5,492,43.2,353,82.6,46,68.8,212,87,12.0,17.0,False
17.0,16.0,Princeton University,US,United States,M,CO,VH,B,99.8,10,97.5,23,64.5,216,100,2,16.7,640,57.5,261,52.5,298,94.6,27,79.3,155,87,16.0,17.0,False
19.0,45.0,The University of New South Wales (UNSW Sydney),AU,Australia,XL,FC,VH,A,89.7,45,88.1,55,18.2,701+,95.9,47,100,55,99.1,50,99,15,95.5,25,99.6,10,86.7,45.0,19.0,False
19.0,41.0,The University of Sydney,AU,Australia,XL,FC,VH,A,96,31,87.7,57,11.8,701+,93.5,63,99.5,89,100,13,91.9,70,88.1,42,99.7,7,86.7,41.0,19.0,False
21.0,34.0,University of Toronto,CA,Canada,XL,FC,VH,A,99.7,11,96,33,54.2,283,57.2,226,95.7,145,96.4,80,95.5,46,96.4,22,99.9,2,86.3,34.0,21.0,False
22.0,15.0,The University of Edinburgh,UK,United Kingdom,XL,FC,VH,A,98.1,25,96.9,26,72.4,176,58.7,216,98.8,100,99.9,33,99.6,12,48.1,141,99.7,6,86.1,15.0,22.0,False
23.0,22.0,Columbia University,US,United States,XL,FC,VH,B,99.6,12,98.3,16,100,15,40.7,339,56.1,332,96.8,76,97.6,25,99.9,10,94.2,64=,85.9,22.0,23.0,False
24.0,26.0,Université PSL,FR,France,L,CO,VH,A,73.7,82,97,25,99.3,33,95.7,49,69.2,280,72.7,196,100,3,60.8,97,80.4,146=,85.8,26.0,24.0,False
25.0,14.0,Tsinghua University,CN,China (Mainland),XL,FC,VH,A,99.1,16,96.9,27,93.9,67,98.9,22,9.4,701+,15.7,603,47.8,328,82.2,47,55.8,271=,84.9,14.0,25.0,False
26.0,19.0,"Nanyang Technological University, Singapore (NTU)",SG,Singapore,L,FC,VH,A,91,42,67.1,115,77.6,149,94.4,56,100,35,80.2,161,66.1,212,68.4,79,78.2,160=,84.5,19.0,26.0,False
26.0,21.0,The University of Hong Kong,HK,Hong Kong SAR,L,FC,VH,A,97.6,27,51.4,159,82.9,121,82.3,102,100,28,99,52,42.7,355,99.5,14,97.3,32,84.5,21.0,26.0,False
28.0,23.0,The University of Tokyo,JP,Japan,L,FC,VH,A,100,7,99.8,9,90.4,84,70,148,10.3,701+,29.2,427,70,196,99.8,11,99.7,5,84.3,23.0,28.0,False
29.0,44.0,"University of California, Los Angeles (UCLA)",US,United States,XL,FC,VH,A,100,8,99.8,8,36.6,435,84.8,96,43.4,386,24.8,477,89.8,86,97,20,91.2,86,83.8,44.0,29.0,False
30.0,31.0,McGill University,CA,Canada,XL,FC,VH,A,93.7,34,87.6,58,64,219,62.1,195,88.9,188,93.3,98,86.2,107,92.5,33,94.2,64=,83.7,31.0,30.0,False
32.0,28.0,The University of Manchester,UK,United Kingdom,XL,FC,VH,A,95.4,33,98,21,53.8,288,49.1,274,93.5,160,99.4,44,99.7,10,71.9,66,92.3,75=,82.2,28.0,32.0,False
33.0,25.0,University of Michigan-Ann Arbor,US,United States,XL,FC,VH,A,98.3,22,89.9,48,82.2,127,56.2,231,67,292,27.6,445,95.4,48,94.3,29,83.7,126=,81.7,25.0,33.0,False
34.0,30.0,The Australian National University,AU,Australia,L,FC,VH,A,93.2,37,70.2,102,34.9,455,92.8,65,100,38,93.3,97,78.5,156,43.9,164,87.4,108=,81.5,30.0,34.0,False
34.0,47.0,University of British Columbia,CA,Canada,XL,FC,VH,A,98.2,24,93.5,43,44.4,354,57,227,96.4,134,74.1,189,96.3,37,60.1,99,99.9,3=,81.5,47.0,34.0,False
36.0,16.0,EPFL,CH,Switzerland,M,FO,VH,A,84.6,57,59.9,133,92.4,73,98,34,100,25,100,12,65.6,213,19.4,431,42.3,351=,80.4,16.0,36.0,False
37.0,49.0,Technical University of Munich,DE,Germany,XL,FO,VH,A,83.9,59,98.2,19,88.8,89,59.6,210,76.5,243,97.3,71,86.7,103,25,330,84.8,120=,80,49.0,37.0,False
38.0,48.0,Institut Polytechnique de Paris,FR,France,M,CO,VH,A,44.8,185,99.6,10,97.3,51,93.8,59,98.5,106,98.3,58,76.9,163,90.3,35,72.5,189=,79.5,48.0,38.0,False
38.0,39.0,New York University (NYU),US,United States,XL,FC,VH,B,95.9,32,98.5,15,95.5,60,26.7,465,26.4,518,95,87,85.4,114,99.7,13,98.3,20,79.5,39.0,38.0,False
40.0,37.0,King's College London,UK,United Kingdom,XL,FC,VH,A,89.5,46,82.3,68,64.6,215,61.1,201,98.8,99,100,23,99.2,14,34.4,223,81.1,142=,79.3,37.0,40.0,False
41.0,29.0,Seoul National University,KR,South Korea,L,FC,VH,A,99,18,98.2,17,85.1,105,64.9,175,11.5,701+,14.5,631,36.9,401,100,8,73.8,181,78.5,29.0,41.0,False
42.0,57.0,Monash University,AU,Australia,XL,FC,VH,A,88.4,49,75.2,84,9.6,701+,88.4,81,100,50,100,19,86.8,102,61,95,71.8,194=,78.2,57.0,42.0,False
43.0,50.0,The University of Queensland,AU,Australia,XL,FC,VH,A,87.1,52,73.7,89,21.6,635,87,84,100,41,100,22,95,53,44.4,163,73.1,187=,78.1,50.0,43.0,False
44.0,42.0,Zhejiang University,CN,China (Mainland),XL,FC,VH,A,73.8,81,95.7,36,66.5,198,97.6,37,97.7,120,26.5,456,74.7,174,37.7,194,51.5,297=,77.8,42.0,44.0,False
46.0,36.0,Kyoto University,JP,Japan,L,FC,VH,A,98.7,20,99.1,14,94.7,63,49.3,270,14.9,670,20.8,538,57.3,266,53.2,118,88.4,103=,76.3,36.0,46.0,False
47.0,61.0,Delft University of Technology,NL,Netherlands,L,CO,VH,A,73,84,79,73,36.9,428,84.9,95,100,66,89.3,121,91.4,72,42.1,170,98.4,18=,76.2,61.0,47.0,False
47.0,32.0,Northwestern University,US,United States,L,FC,VH,B,83.8,60,60.2,132,98.9,39,70.3,147,48.2,364,44.2,327,79.2,152,97.7,19,78,162,76.2,32.0,47.0,False
47.0,38.0,The Chinese University of Hong Kong (CUHK),HK,Hong Kong SAR,L,FC,VH,A,88.4,50,46.3,190,60,236,92.3,67,100,57,77.1,174,32.7,438,78.6,53,61.3,246=,76.2,38.0,47.0,False
50.0,34.0,Fudan University,CN,China (Mainland),XL,FC,VH,A,84.7,55,89.8,49,84.5,108,72.4,136,88.3,193,33,393,22.7,522,49.6,134,43.8,341,74.4,34.0,50.0,False
51.0,46.0,Shanghai Jiao Tong University,CN,China (Mainland),XL,FC,VH,A,83.7,61,83.3,64,54.7,279,99.4,15,39.2,415,35.5,377,38.3,390,55.5,113,44.1,339=,74.3,46.0,51.0,False
52.0,52.0,Carnegie Mellon University,US,United States,L,FC,VH,B,71.2,87,75.3,83,49.1,319,99.9,10,46.6,371,98.2,59,57.4,264,60,100,47.2,323=,73.7,52.0,52.0,False
53.0,58.0,University of Amsterdam,NL,Netherlands,XL,FC,VH,A,83.6,62,44.2,203,21.2,641,98.1,33,92.4,168,79.9,163,97.4,28,49.9,133,64.8,226=,73.4,58.0,53.0,False
54.0,59.0,Ludwig-Maximilians-Universität München,DE,Germany,XL,FC,VH,A,92.7,40,83.5,63,46.7,335,51.4,254,73.3,260,37.7,362,94.4,57,48.5,140,77.3,167=,72.5,59.0,54.0,False
55.0,61.0,University of Bristol,UK,United Kingdom,L,FC,VH,A,74.9,78,84.7,60,47.3,331,64.7,179,85.5,205,86.8,136,84.4,122,39.6,181,81.3,141,72.4,61.0,55.0,False
56.0,42.0,KAIST - Korea Advanced Institute of Science & Technology,KR,South Korea,M,CO,VH,A,89.9,44,88.8,53,66.2,202,97.7,35,22.3,570,11.6,682,10.6,662,41.8,174,14.2,621=,72.2,42.0,56.0,False
57.0,50.0,Duke University,US,United States,L,FC,VH,B,85.7,53,69.3,106,100,7,40.2,344,16.8,634,52.2,278,90,82,89.3,37,95,53=,72,50.0,57.0,False
58.0,72.0,University of Texas at Austin,US,United States,XL,FC,VH,A,93.5,35,83.2,65,8.9,701+,86.7,85,9.3,701+,11,691,79.4,147,70,73,77.7,163=,71.8,72.0,58.0,False
59.0,60.0,Sorbonne University,FR,France,XL,FC,VH,A,88.6,48,53.2,151,43.3,361,85.4,93,35.2,451,49.8,297,100,4,39.5,182,75.8,171=,71.7,60.0,59.0,False
60.0,40.0,The Hong Kong University of Science and Technology,HK,Hong Kong SAR,M,CO,VH,A,83.3,63,42.6,216,53.6,289,99.1,20,100,19,91.4,111,5.3,701+,50.3,131,31,432=,71.1,40.0,60.0,False
61.0,76.0,KU Leuven,BE,Belgium,XL,FC,VH,A,84.6,56,42.4,220,7,701+,92.7,66,93.1,163,45.7,318,99.9,6,56.1,111,75.6,173=,70.1,76.0,61.0,False
62.0,53.0,"University of California, San Diego (UCSD)",US,United States,XL,FC,VH,A,89.1,47,50.4,167,49.6,313,74.3,130,68.1,285,51.3,282,94.9,55,17.7,471,72.5,189=,70,53.0,62.0,False
63.0,80.0,University of Washington,US,United States,XL,FC,VH,A,84,58,50.4,168,19.1,692,93.5,62,19,600,33.2,392,94,59,70,74,88.1,106=,69.2,80.0,63.0,False
64.0,85.0,University of Illinois at Urbana-Champaign,US,United States,XL,FC,VH,A,85,54,70.8,100,7.5,701+,86.5,86,11.1,701+,49.2,303,76.4,164,66,84,83.5,128=,69.1,85.0,64.0,False
65.0,65.0,The Hong Kong Polytechnic University,HK,Hong Kong SAR,L,CO,VH,A,68.1,97,30.2,323,68,192,88.8,77,100,40,87.4,133,42,362,49.2,138,92.8,73,68.7,65.0,65.0,False
65.0,70.0,Universiti Malaya (UM),MY,Malaysia,L,FC,VH,A,81.2,68,96,34,71.6,178,32.7,416,52.8,346,58.9,254,79.3,148,28.1,286,93.4,68,68.7,70.0,65.0,False
67.0,64.0,The University of Warwick,UK,United Kingdom,L,FC,VH,A,71.3,86,88,56,37.3,420,49,275,98.2,109,99.3,47,89.7,87,47.2,148,62.5,239=,68.6,64.0,67.0,False
68.0,87.0,The University of Auckland,NZ,New Zealand,L,FC,VH,A,81.6,65,40.8,231,19.3,687,61.7,198,100,68,91.6,108,64.4,220,94.3,28,99.6,9,68,87.0,68.0,False
69.0,77.0,National Taiwan University (NTU),TW,Taiwan,XL,FC,VH,A,92.8,39,91.3,46,30.9,508,47,288,17.7,619,20,547,33.2,431,99.7,12,95.6,49,67.9,77.0,69.0,False
70.0,54.0,City University of Hong Kong,HK,Hong Kong SAR,M,CO,VH,A,59.6,122,27.3,356,86.6,99,99.9,9,100,17,100,2,17.4,570,29.5,269,82.1,136,67.7,54.0,70.0,False
71.0,69.0,Université Paris-Saclay,FR,France,XL,CO,VH,A,58.9,128,99.1,13,99.8,25,45.8,294,39.1,416,60.8,244,98.7,17,34.3,224,73.6,182=,67.6,69.0,71.0,False
72.0,90.0,The University of Western Australia,AU,Australia,L,FC,VH,A,56.2,138,44.6,200,16.5,701+,98.9,23,100,29,99.8,34,90,83,66,82,70.1,204=,66.9,90.0,72.0,False
73.0,63.0,Brown University,US,United States,M,FC,VH,B,58.3,131,42.4,221,77.8,145,85.9,89,84.5,212,52,279,58.3,258,74.8,59,70.4,201=,66.4,63.0,73.0,False
73.0,89.0,KTH Royal Institute of Technology ,SE,Sweden,L,CO,VH,A,45.7,181,51.1,162,66.2,201,90.2,74,93.2,162,68.1,217,80.7,142,56.9,108,96.1,44=,66.4,89.0,73.0,False
75.0,86.0,University of Leeds,UK,United Kingdom,XL,FC,VH,A,70.3,89,76.7,77,37.3,421,42.3,320,85.2,208,90,118,98.7,16,37.8,193,90.9,88,65.5,86.0,75.0,False
76.0,81.0,University of Glasgow,UK,United Kingdom,XL,FC,VH,A,76.3,77,70.7,101,41.7,377,31.8,423,96,143,99.5,41,90,80,26.7,306,99.5,11,65.2,81.0,76.0,False
76.0,73.0,Yonsei University,KR,South Korea,L,FC,VH,B,80,72,96.3,31,87.4,97,36.2,385,19.6,594,49.7,298,25,498,70.9,69,38.1,377=,65.2,73.0,76.0,False
78.0,92.0,Durham University,UK,United Kingdom,L,FC,VH,A,59.5,124,89.3,50,27.8,548,53.3,241,97.5,125,86.9,135,86.2,108,29.2,274,97.6,30=,65.1,92.0,78.0,False
79.0,74.0,Korea University,KR,South Korea,L,FC,VH,B,82.2,64,94,40,81,137,36.6,382,13.6,694,36.3,370,19.6,546,70.6,71,58.6,255=,64.7,74.0,79.0,False
80.0,68.0,Osaka University,JP,Japan,L,FC,VH,A,81.3,67,89.1,51,55.3,272,62.7,191,28.6,498,13.2,658,26.7,486,23.4,361,58.6,255=,63.9,68.0,80.0,False
81.0,98.0,"Trinity College Dublin, The University of Dublin",IE,Ireland,L,FC,VH,A,69.3,92,39.8,238,23.7,601,64.1,184,99.8,79,92.5,104,82.2,132,70.6,70,75.6,173=,63.5,98.0,81.0,False
81.0,78.0,University of Southampton,UK,United Kingdom,L,FC,VH,A,51.5,154,51.2,160,52.8,298,71.4,140,96.1,138,97.4,70,97,31,32.5,235,82.7,133=,63.5,78.0,81.0,False
83.0,93.0,Pennsylvania State University,US,United States,XL,FC,VH,A,77.5,76,63,126,28.4,540,62.9,189,23.4,560,26.8,449,96.6,36,47.5,145,95.1,52,63.1,93.0,83.0,False
84.0,91.0,University of Birmingham,UK,United Kingdom,XL,FC,VH,A,67.5,99,75.7,81,41.3,379,38.2,364,92.3,169,83.9,148,96,41,29.5,270,80.4,146=,63,91.0,84.0,False
85.0,95.0,Lund University,SE,Sweden,L,FC,VH,A,69.3,93,47.5,185,50.2,310,37.7,373,98.8,102,77.4,173,95.2,52,66,83,99.1,14,62.8,95.0,85.0,False
85.0,115.0,Universidade de São Paulo,BR,Brazil,XL,FC,VH,A,92.4,41,82.9,66,19.2,688,29.9,434,6,701+,2.3,701+,90.9,76,89.7,36,96.1,44=,62.8,115.0,85.0,False
87.0,75.0,Lomonosov Moscow State University,RU,Russia,XL,FC,VH,A,81.2,69,78.3,74,99.8,26,4.6,701+,20.3,587,92.3,105,85.2,115,82.2,48,13.4,631=,62.2,75.0,87.0,False
87.0,65.0,Ruprecht-Karls-Universität Heidelberg,DE,Germany,L,FO,VH,A,78.3,75,52,156,99.7,29,38.2,365,52.5,349,50.4,290,89.7,88,19.8,423,42.6,345=,62.2,65.0,87.0,False
89.0,109.0,The University of Adelaide,AU,Australia,L,FC,VH,A,54.2,144,36.5,267,16.2,701+,87.1,83,100,69,99.6,40,78.8,154,38.4,191,96.3,42,62,109.0,89.0,False
90.0,137.0,University of Technology Sydney,AU,Australia,L,CO,VH,A,43.4,195,57.8,143,9,701+,95.3,52,96.6,132,93.6,95,79.7,146,30.1,260,93.1,72,61.8,137.0,90.0,False
91.0,55.0,Tokyo Institute of Technology (Tokyo Tech),JP,Japan,M,CO,VH,A,74.4,79,94.8,39,84.4,109,53,244,31.8,475,31.7,404,8.9,701+,19.7,425,18,567=,61.6,55.0,91.0,False
91.0,83.0,University of Zurich,CH,Switzerland,L,FC,VH,A,59.1,126,27.6,352,89.9,88,52,248,100,60,53,274,87.2,100,75.2,58,80.2,149,61.6,83.0,91.0,False
93.0,108.0,Boston University,US,United States,L,FC,VH,B,61.7,113,68.3,109,32.7,485,60.1,204,21.6,576,87.5,132,72.6,187,68.6,76,85.9,113=,61.4,108.0,93.0,False
93.0,104.0,Universidad Nacional Autónoma de México (UNAM),MX,Mexico,XL,FC,VH,A,96.6,28,98.2,18,39.8,397,2.7,701+,8.3,701+,2.5,701+,84.5,120,68.4,78,88.5,101=,61.4,104.0,93.0,False
95.0,67.0,Universidad de Buenos Aires (UBA),AR,Argentina,XL,FC,VH,A,93.3,36,98,20,73.5,170,1.7,701+,62.6,309,66.7,224,28.1,470,26.2,311,18.8,555=,61,67.0,95.0,False
95.0,96.0,University of St Andrews,UK,United Kingdom,M,FO,VH,A,47.3,173,67.2,114,64.9,212,57.7,223,98.7,103,100,29,51.1,306,22.4,370,92.1,77=,61,96.0,95.0,False
97.0,88.0,Georgia Institute of Technology,US,United States,L,CO,VH,A,67.4,100,85.1,59,15.3,701+,67.1,163,38.8,417,65.4,230,33.2,432,41.7,175,70.4,201=,60.9,88.0,97.0,False
98.0,118.0,Freie Universitaet Berlin,DE,Germany,L,FC,VH,A,80.8,70,51,163,4.4,701+,71.4,141,62.8,308,43.6,332,84.9,118,21.9,378,60.1,251,60.8,118.0,98.0,False
99.0,129.0,Purdue University,US,United States,XL,FC,VH,A,63.9,108,81.2,71,10.3,701+,68.4,155,41.5,398,45.8,317,75.4,170,53.4,117,67.4,215=,60.7,129.0,99.0,False
100.0,71.0,Pohang University of Science And Technology (POSTECH),KR,South Korea,S,FO,VH,B,51.6,153,75.9,79,99.9,21,98.3,29,33.8,464,2.6,701+,1.3,701+,13.4,637,16.9,581=,60.4,71.0,100.0,False
100.0,114.0,University of Nottingham,UK,United Kingdom,XL,FC,VH,A,60.7,116,72.1,96,32.2,492,46.5,290,90,183,75.2,185,98.4,18,24.4,342,80,150=,60.4,114.0,100.0,False
102.0,83.0,University of Wisconsin-Madison,US,United States,XL,FC,VH,A,80.2,71,47.8,182,61.3,229,37.4,376,30.9,483,22.8,501,83.6,126,73.1,61,83.7,126=,60,83.0,102.0,False
103.0,121.0,Pontificia Universidad Católica de Chile (UC),CL,Chile,L,FC,VH,B,92.9,38,99.5,11,20.6,654,11.6,701+,16.4,645,3.5,701+,56.8,270,76.3,56,91.3,84=,59.9,121.0,103.0,False
104.0,96.0,The University of Sheffield,UK,United Kingdom,L,FC,VH,A,58.7,130,52.3,153,54.7,278,46.9,289,84,218,97.5,69,96.1,38,24.9,332,76.3,169,59.7,96.0,104.0,False
105.0,128.0,Uppsala University,SE,Sweden,L,FC,VH,A,62.7,111,30.5,320,47.7,330,45.6,296,98.3,108,82.4,152,95.5,47,58.2,105,99.4,12,59.4,128.0,105.0,False
106.0,147.0,RWTH Aachen University,DE,Germany,XL,FC,VH,A,49.7,163,93,44,5.5,701+,78.7,120,49,362,83,151,63.5,223,23.9,354,53.4,288=,59.3,147.0,106.0,False
107.0,82.0,University of Copenhagen,DK,Denmark,XL,FC,VH,A,74.1,80,25.8,371,100,19,21.2,543,91.4,175,22.5,506,98.2,19,60.1,98,87.4,108=,58.8,82.0,107.0,False
107.0,112.0,Utrecht University,NL,Netherlands,XL,FC,VH,A,66.6,102,31.6,311,32.6,487,80.8,108,57.1,323,21.2,531,95,54,26.5,309,83.5,128=,58.8,112.0,107.0,False
109.0,116.0,Aalto University,FI,Finland,L,FO,VH,A,44.6,187,41.8,223,40.2,391,79.4,112,95.5,147,37.7,363,56.2,277,88.9,39,95,53=,58.7,116.0,109.0,False
110.0,122.0,Newcastle University,UK,United Kingdom,L,FC,VH,A,48,170,74.5,87,35.6,445,50.2,264,90,182,70.9,203,96.1,39,24.1,349,98.8,17,58.6,122.0,110.0,False
111.0,110.0,University of Alberta,CA,Canada,XL,FC,VH,A,56.8,135,36.5,266,42.8,370,59.1,213,97.9,116,73.2,193,92.1,68,46,152,76.1,170,58.3,110.0,111.0,False
112.0,154.0,University of Waterloo,CA,Canada,XL,CO,VH,A,40.7,208,66.7,117,6.8,701+,82.9,100,76.8,241,77.9,172,55.4,281,55.9,112,97.1,36=,58.1,154.0,112.0,False
113.0,79.0,Tohoku University,JP,Japan,L,FC,VH,A,72.4,85,84.2,61,98.5,41,29.6,436,14.2,683,13.8,647,27.6,474,17.2,486,74.8,177=,58,79.0,113.0,False
114.0,172.0,Western University,CA,Canada,XL,FC,VH,A,32.1,273,47.4,186,3.7,701+,98.3,30,99.7,86,54.6,268,56.4,274,93.3,30,99.6,8,57.4,172.0,114.0,False
115.0,106.0,University of Helsinki,FI,Finland,L,CO,VH,A,65.1,105,32.3,304,63.4,223,49.8,265,71.5,268,5.4,701+,96,40,65.7,86,82.7,133=,57.2,106.0,115.0,False
116.0,134.0,University of Southern California,US,United States,XL,FC,VH,B,52.5,150,47.6,183,21.7,634,68,157,31.8,474,73.5,191,62.8,228,93.1,32,98.9,15,57.1,134.0,116.0,False
117.0,101.0,University of Oslo,NO,Norway,L,FC,VH,A,55.8,139,11.2,601+,81.7,132,64.2,183,86.1,202,25.4,472,95.9,43,41.8,173,91.8,80=,56.9,101.0,117.0,False
118.0,153.0,Stockholm University,SE,Sweden,L,CO,VH,A,54.1,145,15.2,543,28.2,543,71.9,138,81.5,223,84.1,147,95.3,51,76.2,57,75.1,175=,56.8,153.0,118.0,False
119.0,141.0,"KIT, Karlsruhe Institute of Technology",DE,Germany,L,CO,VH,A,45.6,182,76.8,76,36,443,71.9,139,70.4,275,46.7,312,76,166,38.7,187,23.9,504=,56.4,141.0,119.0,False
120.0,131.0,Humboldt-Universität zu Berlin,DE,Germany,XL,FC,VH,A,90.2,43,65.9,120,7.6,701+,31.3,425,68.1,286,31.5,406,86,110,14.4,586,37.5,382=,56.3,131.0,120.0,False
121.0,104.0,Technical University of Denmark,DK,Denmark,M,FO,VH,A,32.5,270,16.3,525,99.8,27,83.4,99,100,53,82,153,71.6,189,28.9,275,54.9,277=,56.2,104.0,121.0,False
122.0,146.0,Lancaster University,UK,United Kingdom,L,FC,VH,A,39.7,215,40.2,236,25.2,581,79.3,115,93.6,157,90.6,116,75.3,171,20.7,400,98,24,55.7,146.0,122.0,False
123.0,139.0,Politecnico di Milano,IT,Italy,XL,FO,VH,A,69.3,94,71.2,99,5.2,701+,48.3,282,63.8,302,56.6,262,75.1,173,36.9,201,29.4,453=,55.2,139.0,123.0,False
124.0,138.0,Eindhoven University of Technology,NL,Netherlands,M,FO,VH,A,29.3,295,76.2,78,40.4,390,89.7,75,100,30,70.8,205,40.1,377,19.7,426,18,567=,55,138.0,124.0,False
124.0,136.0,University of Basel,CH,Switzerland,M,FC,VH,A,27.8,314,17.8,494,57.4,253,96.5,44,100,34,85,143,74.4,175,41.1,179,70.4,201=,55,136.0,124.0,False
126.0,131.0,Leiden University,NL,Netherlands,XL,FC,VH,A,69.1,95,26.8,362,20.2,659,62.7,190,85.5,204,50.2,292,93.7,61,26.9,303,46,331=,54.8,131.0,126.0,False
126.0,120.0,University of Bern,CH,Switzerland,M,FO,VH,A,30.5,284,24.4,396,54.6,280,99.2,17,100,42,36.9,369,89.1,89,26.1,313,73.6,182=,54.8,120.0,126.0,False
128.0,125.0,University of Geneva,CH,Switzerland,L,FC,VH,A,45.1,184,14.1,579,42,374,75.4,127,100,45,96.3,81,87.3,99,31,246,63.1,232=,54.2,125.0,128.0,False
129.0,125.0,Chalmers University of Technology,SE,Sweden,M,FO,VH,B,26.6,326,51.5,158,51.1,306,80.9,107,100,49,67.4,220,52.2,299,28.7,278,82.9,132,54,125.0,129.0,False
130.0,195.0,Macquarie University,AU,Australia,L,FC,VH,A,31.6,276,41,228,10.3,701+,81.3,105,98.6,104,93.6,94,81.4,139,43.2,167,91.8,80=,53.7,195.0,130.0,False
130.0,151.0,University of Vienna,AT,Austria,XL,FC,VH,A,70.8,88,42.5,217,22,629,14.5,646,99.3,92,88.1,129,93.5,62,56.8,109,74.1,180,53.7,151.0,130.0,False
132.0,102.0,"University of North Carolina, Chapel Hill",US,United States,XL,FC,VH,A,63,110,33.9,290,72.9,171,42.5,316,24.7,541,10.1,701+,82.2,133,47.9,142,96.8,38,53.2,102.0,132.0,False
134.0,171.0,Sapienza University of Rome,IT,Italy,XL,FC,VH,A,79.2,74,41,229,4.6,701+,44.9,301,3,701+,10.8,697,96.9,33,59.8,101,92,79,52.9,171.0,134.0,False
134.0,164.0,Texas A&M University,US,United States,XL,FC,VH,A,62,112,59.6,135,4.5,701+,68.4,152,23.1,564,13.3,656,88.4,93,30.1,259,61.3,246=,52.9,164.0,134.0,False
136.0,159.0,Michigan State University,US,United States,XL,FC,VH,A,59.9,120,49.4,174,11.3,701+,58,221,58.6,320,12.8,665,95.6,45,45.5,153,71.2,199,52.7,159.0,136.0,False
137.0,143.0,Universiti Sains Malaysia (USM),MY,Malaysia,L,FC,VH,A,61.4,115,74.7,86,55.2,273,16.2,613,24.9,538,88.9,124,59.6,246,18.2,462,85.5,116,52.6,143.0,137.0,False
137.0,94.0,University of Science and Technology of China,CN,China (Mainland),L,CO,VH,A,52.5,149,17.5,500,91.2,80,98.5,26,16.8,639,5.2,701+,32.2,444,24.8,335,21.6,528=,52.6,94.0,137.0,False
139.0,145.0,University of Groningen,NL,Netherlands,XL,FC,VH,A,52.9,148,29.9,326,51.4,304,42.9,311,93.5,159,85.6,140,92.1,67,22.3,372,67.7,214,52.5,145.0,139.0,False
140.0,190.0,RMIT University,AU,Australia,XL,CO,VH,A,38.6,223,49.6,173,5.4,701+,68.6,151,100,37,92.8,102,57.3,267,28.8,277,96.2,43,52.4,190.0,140.0,False
141.0,133.0,Nanjing University,CN,China (Mainland),XL,FC,VH,A,59.6,123,25.4,378,31.3,504,96.9,42,55.1,334,7.3,701+,26.4,488,23.7,356,39,367=,52.1,133.0,141.0,False
141.0,116.0,Université de Montréal ,CA,Canada,XL,FC,VH,A,56.6,136,34.5,283,77,154,24.9,491,88.4,191,52.2,277,65.2,216,36,205,95.5,50,52.1,116.0,141.0,False
143.0,161.0,Aarhus University,DK,Denmark,L,FC,VH,A,55.8,140,24.7,387,32.5,490,54.1,238,90.3,181,13.1,661,94.8,56,45.1,156,98.4,18=,52,161.0,143.0,False
143.0,106.0,King Abdulaziz University (KAU),SA,Saudi Arabia,XL,FC,VH,A,54.5,143,61.6,127,52.5,300,37.5,374,97.5,124,23.1,500,84.4,121,17.3,483,43.5,342=,52,106.0,143.0,False
145.0,125.0,Queen Mary University of London,UK,United Kingdom,L,FC,VH,A,48.8,168,32.8,300,38.7,409,50.7,260,99.7,85,99.4,43,72.8,184,16.8,506,69.9,207=,51.9,125.0,145.0,False
145.0,100.0,Rice University,US,United States,M,FC,VH,B,38.7,222,22.9,415,65.9,205,82.5,101,91,176,94.8,89,9.8,671,30,262,42.6,345=,51.9,100.0,145.0,False
145.0,99.0,Sungkyunkwan University(SKKU),KR,South Korea,L,FC,VH,B,64.2,106,71.6,98,81.8,129,37.9,369,17.8,618,34,387,9.8,672,26.8,304,27.6,471=,51.9,99.0,145.0,False
148.0,179.0,University of Bath,UK,United Kingdom,L,CO,VH,A,35.6,244,74.3,88,16.1,701+,61.9,196,96.3,136,81.6,155,59.3,251,26.5,310,48.4,316=,51.8,179.0,148.0,False
149.0,172.0,Indian Institute of Technology Bombay (IITB),IN,India,L,CO,VH,A,55.5,141,81.9,69,18.9,697,73.1,133,4.7,701+,1.4,701+,8.5,701+,47.4,146,54.9,277=,51.7,172.0,149.0,False
149.0,178.0,Universitat Autònoma de Barcelona,ES,Spain,XL,FC,VH,A,63.2,109,39,246,10.6,701+,70.6,145,18,615,17.4,582,84.2,123,13.7,623,94.6,60,51.7,178.0,149.0,False
151.0,140.0,The Ohio State University,US,United States,XL,FC,VH,A,59.4,125,55.8,148,53.8,287,30.8,429,49.7,359,16.5,590,85,116,35.2,216,78.4,158=,51.3,140.0,151.0,False
151.0,124.0,Wageningen University & Research,NL,Netherlands,L,FO,VH,A,43.3,196,19,472,97.9,47,46,292,55,336,78.5,170,97.8,22,19,438,71.5,196=,51.3,124.0,151.0,False
153.0,163.0,The University of Exeter,UK,United Kingdom,L,FC,VH,A,43,199,51.1,161,27.4,555,43.3,308,91.6,174,76.2,180,89.8,85,19.7,424,94.8,57,50.9,163.0,153.0,False
154.0,167.0,Alma Mater Studiorum - University of Bologna,IT,Italy,XL,FC,VH,A,79.6,73,40,237,3.4,701+,49.5,267,8,701+,10.9,695,91,75,34.8,219,56.5,268=,50.5,167.0,154.0,False
154.0,166.0,Cardiff University,UK,United Kingdom,L,FC,VH,A,46.5,176,48.3,181,33.7,474,39.6,347,84,217,70.6,206,81.6,138,18.9,442,97.9,25,50.5,166.0,154.0,False
154.0,158.0,Technische Universität Berlin (TU Berlin),DE,Germany,L,CO,VH,A,56.2,137,69.3,107,53,296,24.9,492,51.3,351,68.8,214,55,284,25.4,327,52.1,294,50.5,158.0,154.0,False
154.0,118.0,Washington University in St. Louis,US,United States,L,FC,VH,B,38.6,224,10.4,601+,99.8,28,50.7,259,84.3,214,68,219,60.5,241,33.7,228,91.4,83,50.5,118.0,154.0,False
158.0,123.0,Universiti Putra Malaysia (UPM),MY,Malaysia,L,FC,VH,A,58.8,129,67.5,113,67.6,194,22.7,519,44.3,381,97.3,72,45.4,341,9.7,701+,23.2,511=,50.4,123.0,158.0,False
159.0,143.0,Ghent University,BE,Belgium,XL,FC,VH,A,53.4,146,25.2,379,78.9,141,25.1,486,79.6,231,21.2,528,99.8,8,52,124,91.3,84=,50.2,143.0,159.0,False
159.0,167.0,Universidad de Chile,CL,Chile,XL,FC,VH,A,81.5,66,96.6,30,9.7,701+,12.5,687,9,701+,5,701+,48.6,322,50.4,130,36.3,389=,50.2,167.0,159.0,False
159.0,129.0,Universiti Kebangsaan Malaysia (UKM),MY,Malaysia,L,FC,VH,A,59.7,121,70.1,103,87.5,95,11.7,701+,52.7,347,61.1,242,56.7,272,11.2,701+,24.4,497=,50.2,129.0,159.0,False
162.0,185.0,University of Wollongong,AU,Australia,L,FC,VH,A,29.7,290,25.1,382,16.3,701+,93.8,60,95.6,146,56,265,72.7,186,17.1,492,92.3,75=,50.1,185.0,162.0,False
163.0,149.0,"University of California, Santa Barbara (UCSB)",US,United States,L,CO,VH,A,54.8,142,19,470,9.5,701+,96.9,41,70.4,274,21.6,522,43.5,352,10.4,701+,55.8,271=,50,149.0,163.0,False
164.0,157.0,Hanyang University,KR,South Korea,L,FC,VH,B,49,167,81.3,70,83.5,117,23.3,510,16.9,632,54.3,269,15.6,587,24.8,336,77.7,163=,49.7,157.0,164.0,False
164.0,135.0,Kyushu University,JP,Japan,L,FC,VH,A,57.4,132,70,104,85.7,103,23.9,503,14.7,671,25.6,467,32.8,436,15.4,547,77.7,163=,49.7,135.0,164.0,False
164.0,184.0,Universitat de Barcelona,ES,Spain,XL,FC,VH,A,73.2,83,23,412,13.1,701+,41.8,325,21.8,574,28.5,437,97.8,23,39.8,180,98.1,23,49.7,184.0,164.0,False
167.0,162.0,University of York,UK,United Kingdom,L,FC,VH,A,43.5,194,35.3,275,45,351,40.3,342,88.3,192,78.2,171,79.2,150,19.8,421,97.8,26=,49.4,162.0,167.0,False
168.0,188.0,University of Florida,US,United States,XL,FC,VH,A,48,171,58.7,137,71.3,180,26.6,467,18.8,604,10.8,699,97.7,24,39,184,95.7,48,49.1,188.0,168.0,False
169.0,164.0,"University of Maryland, College Park",US,United States,XL,FC,VH,A,49.2,165,26.1,369,35.1,451,68.4,154,31.6,477,14,639,85.5,113,41.6,176,81.7,137=,48.9,164.0,169.0,False
169.0,229.0,University of Reading,UK,United Kingdom,L,CO,VH,A,33.2,263,39.3,241,16.1,701+,67.4,161,88.4,189,81,158,77.8,158,32.3,237,72.5,189=,48.9,229.0,169.0,False
171.0,226.0,Complutense University of Madrid,ES,Spain,XL,FC,VH,A,68.2,96,69.3,105,25.8,573,7,701+,9,701+,25.6,469,83.4,127,57.9,106,96.3,41,48.8,226.0,171.0,False
171.0,181.0,University College Dublin,IE,Ireland,L,FC,VH,A,49.8,162,41.3,226,20.7,652,38.9,354,98.8,101,60.8,245,50.5,309,69,75,70.1,204=,48.8,181.0,171.0,False
173.0,208.0,Qatar University,QA,Qatar,M,FC,VH,A,27.1,320,43.9,206,64.8,213,38.8,356,100,20,96.8,74,59.8,244,95.8,24,35.5,397=,48.7,208.0,173.0,False
173.0,192.0,"The University of Newcastle, Australia (UON)",AU,Australia,M,FC,VH,A,29.3,296,26.9,361,36.5,436,91.4,71,100,73=,17.3,584,49.2,319,12.5,696,93.2,70=,48.7,192.0,173.0,False
173.0,237.0,University of Cape Town,ZA,South Africa,L,FC,VH,A,44.4,190,51,164,12.6,701+,45.7,295,59.9,317,21.2,527,95.4,49,88.9,38,75.1,175=,48.7,237.0,173.0,False
176.0,208.0,Erasmus University Rotterdam ,NL,Netherlands,XL,FO,VH,A,37.3,232,50.9,165,22.5,624,53.4,240,83,221,60.1,247,71.6,190,63.7,91,49.4,312=,48.5,208.0,176.0,False
176.0,112.0,Nagoya University,JP,Japan,L,FC,VH,A,61.5,114,65.1,123,87.5,96,33,412,15.4,661,19.1,558,17.6,565,16.6,509,24.1,502=,48.5,112.0,176.0,False
176.0,190.0,University of Liverpool,UK,United Kingdom,L,FC,VH,A,44.4,191,35,277,39.7,401,37.9,371,87.8,194,79,168,97.2,29,25.6,324,72,193,48.5,190.0,176.0,False
179.0,219.0,Arizona State University,US,United States,XL,CO,VH,A,46.7,174,36.7,265,6.8,701+,61.5,199,64.5,299,30.1,422,87.9,97,26.6,307,97.3,33=,48.1,219.0,179.0,False
180.0,160.0,King Fahd University of Petroleum & Minerals,SA,Saudi Arabia,M,FC,VH,A,32.9,267,36.5,268,82.8,124,65.8,165,100,24,31.8,402,25.7,492,38.9,185,20.9,536=,48,160.0,180.0,False
180.0,195.0,Université catholique de Louvain (UCLouvain),BE,Belgium,L,FC,VH,B,49.1,166,30.8,317,4.4,701+,60.2,203,89.4,186,39.3,347,83.2,130,51.7,125,54.6,279=,48,195.0,180.0,False
182.0,242.0,University of Calgary,CA,Canada,XL,FC,VH,A,37.7,229,61.2,129,19.9,668,41.5,330,82.8,222,62,241,62.3,232,38.6,188,91.5,82,47.9,242.0,182.0,False
183.0,193.0,Curtin University,AU,Australia,L,CO,VH,A,32.4,271,31.8,309,14.3,701+,86.2,88,100,43,26.4,459,84.9,119,25.7,320,50.6,305=,47.8,193.0,183.0,False
184.0,111.0,École Normale Supérieure de Lyon,FR,France,S,CO,VH,A,30.5,285,14.4,570,95.7,59,98.4,27,70.8,272,14.6,628,34.3,425,10,701+,5.9,701+,47.6,111.0,184.0,False
184.0,179.0,Technische Universität Wien,AT,Austria,M,FO,VH,A,32.9,266,44.4,201,13.1,701+,85.7,91,79.3,232,89,123,45.1,347,13.2,649,19,552=,47.6,179.0,184.0,False
184.0,170.0,Tecnológico de Monterrey,MX,Mexico,XL,FC,HI,B,51.3,157,96.8,28,63.5,222,2.3,701+,32.7,469,11.7,681,13.5,618,88.3,41,65.7,223=,47.6,170.0,184.0,False
187.0,185.0,University of Gothenburg,SE,Sweden,L,FC,VH,A,36.2,239,16.9,511,56.3,261,39.4,349,90.6,179,80.8,160,86.4,104,46.3,151,97.6,30=,47.3,185.0,187.0,False
188.0,203.0,Universiti Teknologi Malaysia ,MY,Malaysia,L,CO,VH,A,46.6,175,63.8,124,42.5,371,33.9,403,16,651,85.2,141,58.6,257,13.6,631,66.8,217=,46.9,203.0,188.0,False
189.0,152.0,McMaster University,CA,Canada,L,FC,VH,A,40.5,210,38.2,255,75.1,166,29,444,99.3,93,59.5,250,40.2,376,37.2,197,70.1,204=,46.8,152.0,189.0,False
189.0,222.0,Queensland University of Technology (QUT),AU,Australia,XL,CO,VH,A,40.9,205,37.6,261,7.4,701+,64.9,176,96,141,26.4,458,68.8,202,16.8,502,90.6,89=,46.8,222.0,189.0,False
189.0,210.0,Universite libre de Bruxelles,BE,Belgium,L,FC,VH,A,34.4,249,38.9,247,3.3,701+,63.3,186,97.1,126,85,144,69.1,201,35.7,207,60.4,249=,46.8,210.0,189.0,False
192.0,189.0,Albert-Ludwigs-Universitaet Freiburg,DE,Germany,L,FC,VH,A,46.1,179,19.8,460,29.1,531,63.3,187,68.8,281,36.3,371,82.7,131,25.3,328,68.2,213,46.7,189.0,192.0,False
192.0,174.0,Ecole des Ponts ParisTech,FR,France,S,FO,VH,A,8.3,601+,57.9,142,98.2,45,80.7,109,34.6,458,96.8,75,5.6,701+,30,261,19.2,549=,46.7,174.0,192.0,False
194.0,194.0,Wuhan University,CN,China (Mainland),XL,FC,VH,A,40.9,204,44,205,12.8,701+,87.4,82,40.7,405,5,701+,48.4,324,35,218,44.4,336=,46.6,194.0,194.0,False
195.0,185.0,University of Minnesota Twin Cities,US,United States,XL,FC,VH,A,59,127,30.2,324,30.6,510,46.4,291,5.5,701+,9.1,701+,86.1,109,41.9,172,88.5,101=,46.4,185.0,195.0,False
196.0,141.0,Hokkaido University,JP,Japan,L,FC,VH,A,57.3,134,66,119,75.8,162,27.8,451,17.5,621,14.4,633,38.1,392,12.9,665,30.7,438=,46.2,141.0,196.0,False
197.0,174.0,Indian Institute of Technology Delhi (IITD),IN,India,M,CO,VH,A,51.2,158,75.9,80,22,630,64.3,182,2.4,701+,1.4,701+,6.6,701+,32.8,234,37.5,382=,46.1,174.0,197.0,False
198.0,220.0,Universidad de los Andes,CO,Colombia,L,FC,HI,B,65.4,103,95.7,35,17.6,701+,5.9,701+,26.4,517,2,701+,11.1,649,96.2,23,40.2,362=,46,220.0,198.0,False
199.0,215.0,Universidad Autónoma de Madrid,ES,Spain,L,FC,VH,A,60.4,117,57.7,145,34.5,464,25.1,485,7.8,701+,12,678,80.4,143,19.6,428,88.8,97=,45.9,215.0,199.0,False
199.0,205.0,Waseda University,JP,Japan,XL,CO,VH,B,60.2,118,97.3,24,23.7,602,4.3,701+,27.6,503,28.6,436,17.5,569,65.6,87,56.5,268=,45.9,205.0,199.0,False
202.0,233.0,Queen's University Belfast,UK,United Kingdom,L,FC,VH,A,33.6,258,30.3,321,27.5,554,43.5,307,100,75,98.9,54,84.1,124,14.3,589,91,87,45.8,233.0,202.0,False
203.0,237.0,King Saud University,SA,Saudi Arabia,XL,FC,VH,A,36.9,236,21.3,435,64.2,218,32.2,419,99.7,83,21.3,525,88.6,92,71.7,67,75.8,171=,45.2,237.0,203.0,False
203.0,237.0,University of Ottawa,CA,Canada,XL,FC,VH,A,26.5,329,29.7,328,3.8,701+,79.1,116,85.9,203,75.9,182,85.8,111,24.3,344,54.6,279=,45.2,237.0,203.0,False
205.0,228.0,Universität Hamburg,DE,Germany,L,FC,VH,A,51,160,28.7,340,16.9,701+,60,205,41.6,395,22.3,512,87.2,101,26.8,305,52.8,292=,45.1,228.0,205.0,False
206.0,217.0,University of Otago,NZ,New Zealand,L,FC,VH,A,46.3,178,27.1,359,11,701+,51,256,100,44,29.2,428,38.1,391,44.7,159,98.1,22,45,217.0,206.0,False
207.0,214.0,Vrije Universiteit Amsterdam,NL,Netherlands,XL,FC,VH,A,39.6,217,15.7,531,23.6,607,68.1,156,68.5,284,40.2,340,70.1,195,20.2,414,89.1,95=,44.9,214.0,207.0,False
208.0,220.0,University of Aberdeen,UK,United Kingdom,L,FC,VH,A,29.6,292,32.5,302,29.6,525,42.1,322,95.8,144,96.7,77,73.3,180,20.5,408,98.1,21,44.6,220.0,208.0,False
209.0,246.0,Queen's University at Kingston,CA,Canada,L,FC,VH,A,40.5,209,56.7,146,5.3,701+,45.1,300,70.1,278,30.6,417,22.5,523,71.5,68,85.4,117,44.5,246.0,209.0,False
210.0,212.0,University of Twente,NL,Netherlands,M,FO,VH,A,20.6,422,38.3,254,39.4,404,65.3,171,99.3,94,91.1,112,67.6,208,12.6,687,33.2,416=,44.4,212.0,210.0,False
211.0,224.0,Chulalongkorn University,TH,Thailand,XL,FC,VH,A,66.6,101,50.1,170,31.5,498,7,701+,15,668,2.9,701+,49.4,318,87.2,44,85.9,113=,44.3,224.0,211.0,False
212.0,256.0,Loughborough University,UK,United Kingdom,L,CO,VH,A,30.5,283,66.8,116,23.6,604,34.6,392,87.3,198,63.5,237,77.1,162,18.8,446,63.4,231,44.2,256.0,212.0,False
213.0,169.0,Eberhard Karls Universität Tübingen,DE,Germany,L,FC,VH,A,45.8,180,29.9,325,92.9,71,19.7,560,67.6,289,26.7,454,89.9,84,21.1,393,42.3,351=,44.1,169.0,213.0,False
214.0,197.0,Keio University,JP,Japan,XL,FC,VH,B,51.4,156,93.5,42,58,246,6,701+,9.6,701+,9.2,701+,9.2,689,79.8,50,39.3,366,44,197.0,214.0,False
215.0,260.0,Tel Aviv University,IL,Israel,L,FC,VH,A,33.2,264,23.6,407,3.8,701+,99.9,11,40.4,410,4.6,701+,39.5,382,72.9,62,38.4,373=,43.9,260.0,215.0,False
216.0,212.0,Tongji University,CN,China (Mainland),XL,FC,VH,A,34.4,251,13.1,601+,28.8,534,91.8,70,56.7,327,32.6,396,21.3,534,18,464,65.4,225,43.5,212.0,216.0,False
217.0,202.0,National Yang Ming Chiao Tung University,TW,Taiwan,L,FC,VH,A,33.3,262,67.9,110,53.9,286,52.1,247,19,601,18.5,566,4.4,701+,44.6,160,54.3,283=,43.3,202.0,217.0,False
218.0,240.0,University of Sussex,UK,United Kingdom,L,FC,VH,A,22.9,380,8.9,601+,14.6,701+,70.9,142,96.1,137,93,100,62.9,226,30.6,251,97.2,35,43.1,240.0,218.0,False
219.0,243.0,Università di Padova,IT,Italy,XL,FC,VH,A,57.3,133,22,428,7.8,701+,51.8,250,12.9,701+,9.4,701+,91.3,73,13.8,620,95,55,43,243.0,219.0,False
220.0,210.0,Universidade Estadual de Campinas (Unicamp),BR,Brazil,XL,FC,VH,A,70.3,90,50.1,169,13,701+,24.9,489,11.7,701+,2.9,701+,53.7,294,9.6,701+,74.8,177=,42.7,210.0,220.0,False
220.0,203.0,University of Lausanne,CH,Switzerland,L,FO,VH,A,29.4,294,15.1,545,36.6,434,65.1,173,99.9,77,56.6,263,48,327,27.9,290,61.6,245,42.7,203.0,220.0,False
222.0,232.0,Radboud University ,NL,Netherlands,L,FC,VH,A,28.9,302,13.9,585,27.6,551,74.9,129,78.3,236,20.2,544,78.8,155,15.7,533,82.7,133=,42.5,232.0,222.0,False
222.0,181.0,University of Pittsburgh,US,United States,L,FC,VH,A,37.9,228,15.2,541,96.1,56,38.7,357,7,701+,14.9,621,81.1,140,33.1,232,90.5,91,42.5,181.0,222.0,False
224.0,147.0,University of Rochester,US,United States,M,FC,VH,B,22.1,398,18.4,477,97.9,48,51.6,252,71.4,269,91.7,106,31.3,451,26.6,308,33.2,416=,42.4,147.0,224.0,False
226.0,252.0,American University of Beirut (AUB),LB,Lebanon,M,FC,VH,B,27.6,316,41.6,225,57.3,254,24.2,499,67.8,288,46.8,310,35.6,415,88.5,40,93.2,70=,41.9,252.0,226.0,False
226.0,243.0,Universidad Nacional de Colombia,CO,Colombia,XL,FC,HI,A,69.5,91,96.8,29,6.1,701+,3.5,701+,6.4,701+,1.5,701+,13.3,620,29.9,263,49.7,309=,41.9,243.0,226.0,False
228.0,224.0,National Cheng Kung University (NCKU),TW,Taiwan,L,FC,VH,A,49.4,164,75.6,82,32.9,482,21.2,544,23.7,557,15.7,605,10.9,653,30.2,257,78.2,160=,41.8,224.0,228.0,False
229.0,340.0,Friedrich-Alexander-Universität Erlangen-Nürnberg,DE,Germany,L,FC,VH,A,25.2,347,20.9,446,2.8,701+,95.8,48,26.8,511,39.9,342,75.1,172,15.5,541,69.9,207=,41.7,340.0,229.0,False
230.0,150.0,Al-Farabi Kazakh National University,KZ,Kazakhstan,L,FC,HI,A,51.4,155,74.9,85,98.9,38,1.4,701+,28.8,497,34,386,12,634,11.5,701+,5.1,701+,41.6,150.0,230.0,False
232.0,215.0,University of Göttingen,DE,Germany,L,FC,VH,A,47.4,172,29,338,70.1,183,17.7,587,49.5,361,22.5,505,91.8,71,21.9,379,55.5,274,41.4,215.0,232.0,False
233.0,266.0,Deakin University,AU,Australia,XL,FC,VH,A,29.6,291,25.8,373,4.8,701+,67.4,160,96.7,130,59.9,249,51.4,303,26.2,312,54.3,283=,41.3,266.0,233.0,False
233.0,177.0,National Tsing Hua University,TW,Taiwan,L,CO,VH,A,53.1,147,67.7,111,28.3,542,38.3,363,16.8,635,20.1,546,6.7,701+,15.9,525,30.5,444=,41.3,177.0,233.0,False
235.0,281.0,Heriot-Watt University,UK,United Kingdom,M,CO,VH,A,16.4,537,21.1,438,18.6,701+,79.4,113,100,67,97.6,66,40.2,375,21.3,392,43.5,342=,41.2,281.0,235.0,False
236.0,248.0,Université de Paris-Cité,FR,France,XL,FO,VH,A,31.6,275,5.9,601+,9.2,701+,93.7,61,19.3,598,41.5,336,99.6,11,11.6,701+,46,331=,41.1,248.0,236.0,False
237.0,205.0,Dartmouth College,US,United States,M,FC,VH,B,21.1,415,24.2,398,57.9,248,78.6,121,5.3,701+,33.9,388,6.6,701+,72.1,65,66.8,217=,40.9,205.0,237.0,False
237.0,248.0,Universitas Indonesia,ID,Indonesia,XL,FC,VH,A,50.5,161,73,91,50.4,309,2,701+,75.8,249,4.8,701+,2,701+,58.7,103,42.3,351=,40.9,248.0,237.0,False
239.0,292.0,Massey University,NZ,New Zealand,M,CO,VH,A,30.4,286,16,528,43.2,364,22.7,520,98.2,111,97.9,64,65.2,215,44.9,157,94.7,58=,40.6,292.0,239.0,False
239.0,201.0,Rheinische Friedrich-Wilhelms-Universität Bonn,DE,Germany,L,FC,VH,A,52.4,151,19.8,458,58,247,22.1,526,41.5,397,37.5,365,90.7,79,25.9,319,35.2,399,40.6,201.0,239.0,False
241.0,275.0,Victoria University of Wellington,NZ,New Zealand,L,CO,VH,A,44.8,186,25.5,375,9.1,701+,32.3,418,99.5,88,34.6,382,38.1,393,47,149,93.6,66,40.5,275.0,241.0,False
242.0,316.0,La Trobe University,AU,Australia,L,CO,VH,A,22.6,388,20.2,453,6.9,701+,77.5,124,94.4,156,98.4,57,45.8,337,14.3,591,28.9,460=,40.3,316.0,242.0,False
243.0,300.0,Griffith University,AU,Australia,XL,FC,VH,A,26.5,332,16.2,526,7.5,701+,65.8,166,100,70,31.7,403,72.7,185,15.5,539,93.3,69,40.1,300.0,243.0,False
244.0,305.0,University of Surrey,UK,United Kingdom,L,CO,VH,A,20.4,428,23.4,409,23.2,613,56.2,230,96.8,129,88.3,127,71.1,192,16.8,503,57.7,259=,39.9,305.0,244.0,False
245.0,253.0,University of Massachusetts Amherst,US,United States,L,CO,VH,A,39.5,218,11.9,601+,10.7,701+,57.6,225,71,271,23.8,490,52,301,27.7,292,93.5,67,39.8,253.0,245.0,False
246.0,275.0,Technical University of Darmstadt,DE,Germany,L,FO,VH,A,21,417,37.5,263,6.2,701+,79,117,62.6,310,74.6,188,32.5,439,33.5,229,19.9,545=,39.7,275.0,246.0,False
246.0,200.0,Technische Universität Dresden,DE,Germany,L,FC,VH,A,37.5,231,37.7,258,91.2,79,14.8,639,46.2,373,35.2,379,87.4,98,11.2,701+,30.7,438=,39.7,200.0,246.0,False
248.0,288.0,Charles University,CZ,Czech Republic,XL,FC,VH,A,45.5,183,43.5,210,34.8,456,9.4,701+,24.8,539,51.2,283,90.9,77,27.6,294,83.9,125,39.6,288.0,248.0,False
248.0,280.0,University of Antwerp,BE,Belgium,L,FC,VH,A,23.7,362,11.8,601+,45.3,349,49.2,272,90.9,177,32.3,397,90,81,29.6,268,80.4,146=,39.6,280.0,248.0,False
250.0,331.0,University of Waikato,NZ,New Zealand,M,CO,VH,A,18.4,484,13.2,601+,11.3,701+,75,128,99.3,91,73.3,192,17.5,568,44.5,162,79.8,152=,39.5,331.0,250.0,False
251.0,222.0,The Hebrew University of Jerusalem,IL,Israel,L,FC,VH,A,34.3,252,29.1,334,81.2,135,22.5,521,54.7,338,16,600,37.1,400,77.7,54,50.9,301=,39.3,222.0,251.0,False
252.0,325.0,Politecnico di Torino,IT,Italy,XL,FO,VH,A,38.5,225,44.9,194,2.4,701+,57.9,222,4.1,701+,46.7,313,49.9,313,21.3,391,57.4,263=,39.2,325.0,252.0,False
253.0,274.0,University of Porto,PT,Portugal,XL,FC,VH,A,39.8,214,22.9,414,11.1,701+,58.1,219,7.3,701+,18.7,564,93.8,60,17.6,473,77.3,167=,39,274.0,253.0,False
254.0,304.0,University of Macau,MO,Macau SAR,M,FO,VH,A,10.6,601+,14.2,575,12.2,701+,96.9,43,100,18,99.3,49,11.4,646,41.6,177,4.3,701+,38.9,304.0,254.0,False
255.0,176.0,Case Western Reserve University,US,United States,M,FC,VH,B,18.4,486,17.1,507,83,118,63.9,185,38.2,420,68.3,216,21,537,27,301,34.6,403=,38.8,176.0,255.0,False
256.0,217.0,Harbin Institute of Technology,CN,China (Mainland),L,FO,VH,A,28.6,306,14.9,552,41.6,378,98.8,24,8.6,701+,8.4,701+,23.2,517,20.3,412,15.4,603=,38.7,217.0,256.0,False
256.0,278.0,Maastricht University ,NL,Netherlands,L,FO,VH,A,23.4,369,22.3,422,12.8,701+,62.7,193,99.5,90,100,17,46.5,333,27,302,13.7,627=,38.7,278.0,256.0,False
256.0,284.0,University of Canterbury | Te Whare Wānanga o Waitaha,NZ,New Zealand,L,CO,VH,A,33.8,257,33.1,299,10.9,701+,32.8,414,99.8,81,35.3,378,21.9,529,62.6,93,97.1,36=,38.7,284.0,256.0,False
259.0,251.0,Vrije Universiteit Brussel (VUB),BE,Belgium,L,FC,VH,A,23.1,373,16.8,512,75.9,160,22,527,93.6,158,59.2,252,88.4,94,31.1,244,67.4,215=,38.6,251.0,259.0,False
260.0,253.0,University of Virginia,US,United States,L,FC,VH,A,35.6,243,32,307,56.9,257,34.1,401,7.9,701+,10.8,700,57.7,262,68.5,77,63.1,232=,38.5,253.0,260.0,False
261.0,199.0,Vanderbilt University,US,United States,L,FC,VH,B,25.2,348,19.8,459,100,9,37.2,377,36.4,442,34.6,383,47.1,332,35.7,206,51.2,299=,38.4,199.0,261.0,False
262.0,284.0,University of Warsaw ,PL,Poland,XL,CO,VH,A,48.7,169,53.4,150,41.9,375,6.3,701+,9.8,701+,8.6,701+,62.1,233,36.7,204,80,150=,38.1,284.0,262.0,False
263.0,231.0,Gadjah Mada University,ID,Indonesia,XL,FC,HI,A,51.7,152,66.5,118,54.4,282,1.7,701+,38.5,419,1.6,701+,2.1,701+,42.6,169,47.2,323=,38,231.0,263.0,False
264.0,317.0,University of Colorado Boulder,US,United States,XL,CO,VH,A,36.9,237,13.5,596,33.2,480,49.4,269,27.1,508,5.5,701+,68.6,204,30.8,247,96.4,40,37.9,317.0,264.0,False
264.0,428.0,University of Witwatersrand,ZA,South Africa,L,FC,VH,A,25.7,341,43,214,10.9,701+,27.7,453,79.9,229,7.5,701+,92.4,65,96.7,21,62.5,239=,37.9,428.0,264.0,False
266.0,197.0,Ulsan National Institute of Science and Technology (UNIST),KR,South Korea,S,FO,VH,A,15,579,11.9,601+,84.1,114,98.6,25,41.5,399,10.9,692,1.2,701+,8.4,701+,1.8,701+,37.7,197.0,266.0,False
266.0,335.0,University of Lisbon ,PT,Portugal,XL,FC,VH,A,42.2,201,21,442,12.7,701+,35.1,387,9.3,701+,30.7,415,97.4,27,65.8,85,66.5,220=,37.7,335.0,266.0,False
268.0,320.0,Linköping University,SE,Sweden,L,CO,VH,A,19,470,26.6,363,34.8,457,48.8,277,77.8,239,30.3,420,57.9,260,34.7,221,87.4,108=,37.5,320.0,268.0,False
268.0,235.0,"University of California, Irvine",US,United States,XL,FC,VH,A,37.6,230,16.6,517,14.6,701+,50.3,263,56.9,325,49.6,299,65.3,214,11.4,701+,58.6,255=,37.5,235.0,268.0,False
268.0,335.0,University of Cologne,DE,Germany,L,FO,VH,A,36.9,235,38.5,253,19.3,686,31.2,427,40.5,406,30.9,413,80.9,141,37,199,57.4,263=,37.5,335.0,268.0,False
271.0,270.0,Indian Institute of Technology Kharagpur (IIT-KGP),IN,India,L,FO,VH,A,32.2,272,43.5,211,11.8,701+,85.8,90,3.1,701+,1.3,701+,10.7,659,21.5,388,18,567=,37.4,270.0,271.0,False
272.0,262.0,Beijing Normal University ,CN,China (Mainland),L,CO,VH,A,38.4,227,6.8,601+,25.6,576,86.4,87,7.1,701+,23.3,496,22.8,520,12.2,701+,30.5,444=,37.3,262.0,272.0,False
272.0,279.0,University of Leicester,UK,United Kingdom,L,FC,VH,A,21.2,412,14.2,576,36.1,441,45.3,298,80.8,226,94.1,91,75.7,167,17.8,468,50.9,301=,37.3,279.0,272.0,False
274.0,312.0,North Carolina State University,US,United States,XL,CO,VH,A,27.8,315,25,384,8.9,701+,67.3,162,63,306,15.3,613,49.6,317,20.8,398,64.5,228=,37.2,312.0,274.0,False
275.0,306.0,Huazhong University of Science and Technology,CN,China (Mainland),XL,FC,VH,A,22.7,384,29.2,332,10,701+,99.3,16,5.5,701+,3.2,701+,45.4,340,16.8,504,27.1,480,37.1,306.0,275.0,False
276.0,324.0,University of Milan,IT,Italy,XL,FC,VH,A,51.2,159,12.7,601+,5.6,701+,47.8,284,7.5,701+,6.8,701+,59,255,24.2,345,92.1,77=,37,324.0,276.0,False
276.0,325.0,University of Strathclyde,UK,United Kingdom,L,CO,VH,A,26.3,334,34.6,281,17.7,701+,33.7,405,93.3,161,67,222,61.6,235,24,353,59.2,252=,37,325.0,276.0,False
278.0,264.0,Indian Institute of Technology Kanpur (IITK),IN,India,M,CO,VH,A,34.7,247,49.3,175,14.2,701+,75.5,126,2.1,701+,1.1,701+,3.3,701+,20.6,404,21.8,524=,36.9,264.0,278.0,False
278.0,296.0,University of Miami,US,United States,L,FC,VH,B,20.1,435,44.7,198,76.8,155,19.2,565,84.2,215,22.8,502,55,283,37,198,50.6,305=,36.9,296.0,278.0,False
280.0,253.0,University of Navarra,ES,Spain,L,FC,HI,B,29,300,61.2,130,56.5,260,15.1,635,25.2,531,74.8,186,28.9,464,28.4,282,45.6,333,36.8,253.0,280.0,False
281.0,235.0,Bandung Institute of Technology (ITB),ID,Indonesia,L,CO,VH,A,41,203,65.6,122,65.6,208,2.5,701+,84.4,213,2.3,701+,1.2,701+,35.7,209,21.2,533=,36.6,235.0,281.0,False
281.0,207.0,University of Bergen,NO,Norway,L,FC,VH,A,32.7,269,5.4,601+,67.1,197,31.2,426,92.3,171,14.3,635,69.3,200,23.6,358,57.7,259=,36.6,207.0,281.0,False
283.0,454.0,Stellenbosch University,ZA,South Africa,L,FC,VH,A,25,351,39.4,240,3.1,701+,59.9,206,20,591,7.8,701+,92,69,50.1,132,44.1,339=,36.5,454.0,283.0,False
284.0,284.0,Taylor's University,MY,Malaysia,S,FO,VH,C,24,358,82.8,67,63.3,225,8.5,701+,54.1,342,98.8,55,3.8,701+,10.5,701+,2.3,701+,36.2,284.0,284.0,False
285.0,250.0,Indian Institute of Technology Madras (IITM),IN,India,M,CO,VH,A,40.1,212,55.9,147,26.6,563,54.7,235,2.6,701+,1.4,701+,2.7,701+,26,317,6.5,701+,36.1,250.0,285.0,False
285.0,296.0,Swinburne University of Technology,AU,Australia,L,CO,VH,A,13.4,601+,12,601+,11,701+,89.5,76,97.9,114,65.5,229,23.9,507,10.8,701+,25.8,487,36.1,296.0,285.0,False
285.0,262.0,The University of Arizona,US,United States,XL,FC,VH,A,38.5,226,18.4,476,72.5,175,19.5,562,11,701+,9.3,701+,88,96,31,245,71.5,196=,36.1,262.0,285.0,False
285.0,307.0,Tianjin University,CN,China (Mainland),L,CO,VH,A,18.7,477,8.6,601+,34.7,461,98.2,31,24.3,544,27.4,446,18.6,555,24,351,25.6,488,36.1,307.0,285.0,False
289.0,270.0,University of Galway,IE,Ireland,L,FC,HI,A,26.3,335,28.2,341,61.2,230,13.5,666,92.3,170,39.3,348,45.7,338,30.7,249,90.6,89=,36,270.0,289.0,False
290.0,296.0,United Arab Emirates University,AE,United Arab Emirates,M,FC,VH,A,28.3,310,37.8,257,52.6,299,13.8,659,100,16,38.7,356,56.5,273,60.9,96,16.3,588=,35.9,296.0,290.0,False
291.0,302.0,Xi’an Jiaotong University,CN,China (Mainland),XL,FC,VH,A,21.4,406,42.2,222,17.4,701+,80.9,106,4.4,701+,4.1,701+,36.8,403,20.8,397,34.6,403=,35.8,302.0,291.0,False
292.0,352.0,Norwegian University of Science And Technology,NO,Norway,XL,FC,VH,A,34,253,19.4,465,23.6,609,27.5,456,76.1,246,10.3,701+,88.9,91,51,129,65.7,223=,35.7,352.0,292.0,False
292.0,303.0,University College Cork,IE,Ireland,L,FC,VH,A,28.4,309,36.3,270,29.4,528,21.6,534,94.8,152,47.1,308,25.1,496,23.5,360,96.1,46,35.7,303.0,292.0,False
294.0,317.0,Université Grenoble Alpes,FR,France,XL,FC,VH,A,44.5,188,10.1,601+,7.8,701+,48.8,276,18.4,611,34.9,380,92.6,64,14.2,596,40.8,360=,35.6,317.0,294.0,False
295.0,281.0,Hong Kong Baptist University,HK,Hong Kong SAR,M,CO,VH,A,19.4,458,12.6,601+,56,265,51.9,249,97.8,118,100,20,2.6,701+,15.1,557,17.2,574=,35.4,281.0,295.0,False
295.0,342.0,University of East Anglia (UEA),UK,United Kingdom,L,FC,VH,A,19.2,466,8.5,601+,16.8,701+,66,164,68,287,38.2,360,64.8,218,12.7,678,84.3,123=,35.4,342.0,295.0,False
297.0,281.0,Georgetown University,US,United States,L,FC,VH,B,30.3,288,34.4,285,59,242,18.6,574,17,629,39.8,344,14.4,606,87.8,43,66.8,217=,35.3,281.0,297.0,False
298.0,308.0,Dalhousie University,CA,Canada,L,FC,VH,A,19.2,465,18,488,16,701+,41.8,323,99,97,74.7,187,37.2,399,21.6,385,94.4,61=,34.9,308.0,298.0,False
299.0,267.0,Rutgers University–New Brunswick,US,United States,XL,CO,VH,A,36.9,234,24.7,386,48.7,324,18.1,583,18.9,602,32.8,395,59.7,245,20.7,403,95.9,47,34.8,267.0,299.0,False
300.0,284.0,UCSI University,MY,Malaysia,M,CO,HI,C,22.5,392,58.4,140,72.6,174,3.2,701+,83.7,219,98,63,1.3,701+,15.8,528,24.6,495=,34.7,284.0,300.0,False
301.0,226.0,Southern University of Science and Technology,CN,China (Mainland),M,FO,VH,A,9.1,601+,2.1,601+,94.6,64,95,53,37.2,434,1.5,701+,6.8,701+,7.4,701+,6.9,701+,34.6,226.0,301.0,False
302.0,328.0,Goethe-University Frankfurt am Main,DE,Germany,XL,FC,VH,A,44.4,189,29.1,335,21.4,638,21.3,539,41.3,402,25.6,468,82.1,134,11.5,701+,46.6,327=,34.5,328.0,302.0,False
302.0,363.0,Virginia Polytechnic Institute and State University,US,United States,XL,FC,VH,A,26.2,337,40.4,232,18.7,701+,34.8,389,71.7,267,17.9,577,70,197,20.7,402,52.8,292=,34.5,363.0,302.0,False
304.0,293.0,Jagiellonian University,PL,Poland,XL,FC,VH,A,37.3,233,47.2,188,65.1,210,6.2,701+,4.9,701+,13.4,655,59.4,248,27.9,289,57.7,259=,34.3,293.0,304.0,False
304.0,243.0,University of Notre Dame,US,United States,L,CO,VH,B,26.5,331,32.2,306,59.7,238,39.1,350,23.3,561,17.7,578,32,449,45.2,155,34.6,403=,34.3,243.0,304.0,False
306.0,412.0,University of Johannesburg,ZA,South Africa,L,CO,VH,A,16.2,540,21.4,434,36.8,430,20.7,549,96.3,135,50.6,286,96.9,32,43.6,165,73.6,182=,34,412.0,306.0,False
307.0,425.0,Swansea University,UK,United Kingdom,L,FC,HI,A,21,418,45,193,23.6,608,27.4,460,73.1,261,54.1,271,59,254,10.6,701+,61,248,33.9,425.0,307.0,False
307.0,293.0,University of Tasmania,AU,Australia,M,CO,VH,A,17.2,520,7.8,601+,17.7,701+,58.1,220,75.1,254,95.8,84,48.8,320,14.8,562,47.2,323=,33.9,293.0,307.0,False
310.0,233.0,Universitat Pompeu Fabra (Barcelona),ES,Spain,M,FO,VH,A,30.9,282,22.8,417,13.1,701+,55.6,232,77.9,238,26.6,455,38.4,389,15.3,551,13.2,633,33.8,233.0,310.0,False
312.0,355.0,Universität Stuttgart,DE,Germany,L,CO,VH,A,23.7,361,27.2,357,6.1,701+,64.8,177,37.4,430,49.8,296,36.5,405,19.4,430,33.8,411=,33.7,355.0,312.0,False
313.0,339.0,Indiana University Bloomington,US,United States,XL,FC,VH,A,35.1,246,24.4,397,30.5,514,21.6,533,40.5,409,12.7,667,68.5,205,52.2,122,62.5,239=,33.5,339.0,313.0,False
313.0,392.0,University of Oulu,FI,Finland,M,FC,VH,A,15.8,553,17.3,502,26.4,564,56.9,228,52.5,348,9.4,701+,75.4,168,16.6,511,88.4,103=,33.5,392.0,313.0,False
315.0,363.0,Quaid-i-Azam University,PK,Pakistan,M,CO,VH,A,15.8,552,40.3,234,2.8,701+,97,40,3.4,701+,1.4,701+,23,519,5.8,701+,23,514=,33.4,363.0,315.0,False
315.0,270.0,Saint Petersburg State University,RU,Russia,L,FC,VH,A,40.8,207,24,403,61.6,228,5.1,701+,5.2,701+,41.7,335,69.5,198,52.8,120,36.1,391=,33.4,270.0,315.0,False
315.0,291.0,University of Turku,FI,Finland,L,FC,VH,A,28.3,311,21.1,440,52.3,302,32.4,417,27.2,505,4.3,701+,62.9,227,27.8,291,77.7,163=,33.4,291.0,315.0,False
318.0,328.0,Simon Fraser University,CA,Canada,L,CO,VH,A,25.5,343,13.5,600,5.7,701+,42.5,315,96.8,128,86.3,139,34.5,423,17.6,474,54.3,283=,33.3,328.0,318.0,False
319.0,230.0,Bauman Moscow State Technical University,RU,Russia,L,CO,VH,A,31.3,279,44.4,202,100,18,1.4,701+,53.6,343,58.9,256,1,701+,12.2,701+,10.5,663=,33.2,230.0,319.0,False
319.0,320.0,Universidad Carlos III de Madrid (UC3M),ES,Spain,L,FO,VH,A,32.9,265,49.1,177,53.3,290,4.8,701+,56.5,328,41.2,337,18.5,556,12.9,668,62.5,239=,33.2,320.0,319.0,False
322.0,359.0,University of Victoria (UVic),CA,Canada,L,CO,VH,A,17.3,514,7.6,601+,3.5,701+,65,174,95.2,149,48.6,304,19,551,12.2,701+,89.8,94,33,359.0,322.0,False
323.0,267.0,Sun Yat-sen University,CN,China (Mainland),XL,FC,VH,A,36.4,238,22.3,423,48.8,321,44.1,304,2.4,701+,4.2,701+,33.3,429,16.7,508,38.4,373=,32.8,267.0,323.0,False
323.0,317.0,University of Illinois at Chicago (UIC),US,United States,XL,FC,VH,A,40.9,206,23.5,408,31.6,497,26.2,469,8.5,701+,17,586,50.1,312,31.5,242,62.8,235=,32.8,317.0,323.0,False
326.0,363.0,University of South Australia,AU,Australia,L,CO,VH,A,22.5,390,14,580,22.4,625,32.8,415,99.8,80,45.1,322,58.6,256,15.4,544,81.7,137=,32.7,363.0,326.0,False
326.0,347.0,University of Southern Denmark (SDU),DK,Denmark,L,CO,VH,A,20,441,18,485,27.1,558,40.7,337,83.2,220,22.7,503,49.7,315,17.7,469,88.7,100,32.7,347.0,326.0,False
328.0,355.0,"City, University of London",UK,United Kingdom,L,CO,VH,A,21.4,405,18.1,483,6.7,701+,42.2,321,95,151,99.3,46,22.1,527,28.3,284,41.7,356,32.6,355.0,328.0,False
328.0,288.0,Gwangju Institute of Science and Technology (GIST),KR,South Korea,S,FO,VH,A,17.4,513,8.9,601+,38.4,411,100,5,21.6,577,10,701+,1.3,701+,8.1,701+,2.1,701+,32.6,288.0,328.0,False
328.0,300.0,Université Paris 1 Panthéon-Sorbonne ,FR,France,XL,FO,VH,A,65.2,104,24.9,385,4.2,701+,3.4,701+,38.2,421,46.4,314,30,458,32.2,238,16.3,588=,32.6,300.0,328.0,False
328.0,240.0,USI - Università della Svizzera italiana,CH,Switzerland,S,FO,VH,A,5.8,601+,3.9,601+,82.9,120,56.4,229,100,23,100,11,4.2,701+,7.9,701+,1.2,701+,32.6,240.0,328.0,False
332.0,270.0,Kyung Hee University,KR,South Korea,L,FC,VH,B,28,312,41.6,224,84.8,106,14,657,14.2,684,54,272,16.7,577,12.1,701+,33.5,413=,32.5,270.0,332.0,False
332.0,375.0,"University of California, Santa Cruz",US,United States,L,CO,VH,A,18.4,487,4.9,601+,7.2,701+,79.6,111,63.6,304,8.9,701+,19.3,547,10.7,701+,89.1,95=,32.5,375.0,332.0,False
334.0,380.0,Sharif University of Technology,IR,"Iran, Islamic Republic of",M,FO,VH,A,10.1,601+,43.8,207,6.1,701+,99.1,19,7.3,701+,1.3,701+,9.7,675,25.7,321,1.9,701+,32.4,380.0,334.0,False
335.0,416.0,University of Naples - Federico II,IT,Italy,XL,FC,VH,A,35.2,245,17,508,4.3,701+,61.8,197,2.4,701+,1.1,701+,81.6,137,7.1,701+,34.6,403=,32.3,416.0,335.0,False
336.0,330.0,Aalborg University,DK,Denmark,L,FC,VH,A,20,442,22.2,424,31.5,500,42.4,317,76.4,244,18.2,570,79.2,151,14.7,569,35.8,393=,32.2,330.0,336.0,False
336.0,363.0,Pontificia Universidad Católica del Perú,PE,Peru,L,FO,VH,B,46.3,177,77.1,75,25.9,572,1.8,701+,3.9,701+,1.4,701+,2.5,701+,35.2,214,31.3,428=,32.2,363.0,336.0,False
336.0,375.0,University of Kent,UK,United Kingdom,L,CO,VH,A,17,522,6.7,601+,13.3,701+,43.9,306,96.6,133,72.8,195,43,354,20.2,413,85.2,118=,32.2,375.0,336.0,False
340.0,355.0,Beijing Institute of Technology,CN,China (Mainland),L,FO,VH,A,22.7,385,18.1,484,41.1,381,76.4,125,3.1,701+,4.2,701+,17.1,572,14.1,599,23.7,506=,32.1,355.0,340.0,False
340.0,362.0,George Washington University,US,United States,L,FC,VH,B,26.9,323,24.5,393,28.3,541,29.3,439,31.6,478,27.6,444,61,239,49.5,135,62.8,235=,32.1,362.0,340.0,False
342.0,295.0,RUDN University,RU,Russia,L,FC,VH,A,22.4,395,45,192,92.2,74,2,701+,8.2,701+,92.7,103,60.1,242,12.2,701+,4.4,701+,32,295.0,342.0,False
343.0,412.0,Brunel University London,UK,United Kingdom,L,CO,VH,A,11.3,601+,13.3,601+,7.9,701+,44.2,303,99.7,84,99.6,39,56.9,269,18.5,450,62.8,235=,31.9,412.0,343.0,False
345.0,369.0,Airlangga University,ID,Indonesia,L,FC,HI,A,34,254,72.5,95,52.4,301,1.4,701+,44.6,379,6.3,701+,1.4,701+,14.4,582,30.5,444=,31.5,369.0,345.0,False
345.0,473.0,University of Saskatchewan,CA,Canada,L,FC,VH,A,12,601+,6.8,601+,17.3,701+,54.3,237,70,279,51.8,280,47.2,331,20.9,396,94.9,56,31.5,473.0,345.0,False
347.0,422.0,National Technical University of Athens,GR,Greece,L,FO,VH,A,20.5,425,42.7,215,4.7,701+,72.3,137,1.3,701+,4.3,701+,32,447,31.8,240,7.8,701+,31.4,422.0,347.0,False
347.0,382.0,Pontificia Universidad Javeriana,CO,Colombia,L,FC,HI,B,43.2,198,72.7,94,22.9,619,1.7,701+,4,701+,2.7,701+,4.2,701+,57.3,107,29.1,456=,31.4,382.0,347.0,False
349.0,404.0,University of Pisa,IT,Italy,L,FC,VH,A,40.4,211,12.7,601+,7.5,701+,41.1,333,5.9,701+,4.1,701+,67.6,209,13.4,642,73.6,182=,31.3,404.0,349.0,False
351.0,438.0,University of Coimbra,PT,Portugal,L,FC,VH,A,28.9,304,13.1,601+,11.3,701+,41.6,329,10.7,701+,37.7,364,78.8,153,15.6,537,79.5,154,31.2,438.0,351.0,False
353.0,456.0,York University,CA,Canada,XL,CO,VH,A,23,377,21,441,4.6,701+,29.2,440,50.6,356,81.2,157,28,471,53.2,119,80.8,144,31.1,456.0,353.0,False
354.0,343.0,Universitat Politècnica de Catalunya · BarcelonaTech (UPC),ES,Spain,L,FO,VH,A,31.9,274,22,426,41.2,380,22.3,524,8,701+,21.2,532,72.8,183,15.1,556,73.3,186,31,343.0,354.0,False
355.0,277.0,L.N. Gumilyov Eurasian National University (ENU),KZ,Kazakhstan,L,FO,VH,A,29.5,293,51.7,157,96.8,53,1.4,701+,59.3,319,5.7,701+,1.1,701+,10.9,701+,9.6,678=,30.9,277.0,355.0,False
355.0,406.0,Sichuan University,CN,China (Mainland),XL,FC,VH,A,20.1,436,7.6,601+,11.4,701+,94.7,55,6.6,701+,5.4,701+,26.2,490,14.8,564,18.8,555=,30.9,406.0,355.0,False
355.0,312.0,University of Tsukuba,JP,Japan,L,FC,VH,A,35.8,242,24,402,59,243,19,569,13.8,691,21.2,529,31.7,450,11.5,701+,57.7,259=,30.9,312.0,355.0,False
358.0,460.0,University of Florence,IT,Italy,XL,FC,VH,A,33.6,259,5.7,601+,4.1,701+,49.6,266,8.1,701+,10.7,701+,73,181,17.4,476,81.1,142=,30.8,460.0,358.0,False
358.0,296.0,University of Tartu,EE,Estonia,M,FC,VH,A,24.4,355,9,601+,91.5,78,11.5,701+,46.5,372,22.2,513,73.7,177,42.1,171,27.6,471=,30.8,296.0,358.0,False
360.0,396.0,Shandong University,CN,China (Mainland),XL,FC,VH,A,15.6,558,31.8,310,17.6,701+,78.7,118,8.8,701+,3.4,701+,16.3,580,17.4,480,28.4,463=,30.7,396.0,360.0,False
362.0,368.0,Lincoln University ,NZ,New Zealand,S,CO,VH,A,7.9,601+,5.3,601+,39.9,393,51.5,253,100,62,91,113,1.2,701+,31.7,241,37.8,379=,30.6,368.0,362.0,False
362.0,308.0,Universität Innsbruck,AT,Austria,L,FC,HI,A,20.2,433,7,601+,69.2,187,11.2,701+,100,65,100,27,32.9,434,35.7,208,16.5,586=,30.6,308.0,362.0,False
364.0,369.0,American University of Sharjah,AE,United Arab Emirates,S,CO,VH,B,20,438,39.1,243,20.7,653,20,559,100,2,100,6,6.4,701+,36.9,202,3,701+,30.3,369.0,364.0,False
364.0,384.0,Indian Institute of Technology Guwahati (IITG),IN,India,M,CO,VH,A,17,523,25.2,381,7.7,701+,98.1,32,3,701+,1.3,701+,5.8,701+,5.5,701+,4.4,701+,30.3,384.0,364.0,False
364.0,475.0,University of Turin,IT,Italy,XL,FC,VH,A,39.8,213,5.7,601+,2.9,701+,36.8,380,4.6,701+,5.4,701+,69.4,199,32.5,236,84.3,123=,30.3,475.0,364.0,False
367.0,334.0,National University of Sciences And Technology (NUST) Islamabad,PK,Pakistan,M,CO,VH,A,18.9,472,72.7,93,77.4,151,11.7,701+,2.6,701+,3.9,701+,23.5,512,9,701+,30.7,438=,30.2,334.0,367.0,False
368.0,473.0,University of Cyprus (UCY),CY,Cyprus,M,CO,VH,A,8.9,601+,3.1,601+,4.9,701+,77.8,123,92.9,165,25.4,471,55.9,279,18.6,448,24.4,497=,30.1,473.0,368.0,False
369.0,369.0,Indian Institute of Technology Roorkee (IITR),IN,India,M,FO,VH,A,17.8,500,22.5,421,7.8,701+,91.2,72,1.3,701+,2.2,701+,3.6,701+,10.5,701+,27.6,471=,30,369.0,369.0,False
371.0,398.0,Tilburg University,NL,Netherlands,L,FO,VH,A,15.2,573,33.4,294,10.4,701+,44.2,302,96.6,131,58.4,259,9.4,683,14.1,602,31,432=,29.9,398.0,371.0,False
371.0,333.0,Universidade Federal do Rio de Janeiro,BR,Brazil,XL,FC,VH,A,60.1,119,17,509,15.4,701+,8.3,701+,7.9,701+,1.6,701+,51.7,302,36.8,203,23,514=,29.9,333.0,371.0,False
374.0,343.0,"Birkbeck, University of London",UK,United Kingdom,M,FO,VH,A,10.8,601+,3.5,601+,14.1,701+,65.1,172,97.5,123,98,62,9.1,692,12.3,701+,12,642=,29.7,343.0,374.0,False
375.0,443.0,Amirkabir University of Technology,IR,"Iran, Islamic Republic of",M,FO,VH,A,4.1,601+,33.4,295,5.1,701+,99.8,13,15.9,652,2.8,701+,9.5,681,10.3,701+,16.5,586=,29.5,443.0,375.0,False
375.0,388.0,Northeastern University,US,United States,L,CO,VH,B,19.4,463,9.5,601+,19.1,691,24.2,497,60.2,316,94.3,90,33.2,433,35.4,211,87.3,112,29.5,388.0,375.0,False
375.0,416.0,Ruhr-Universität Bochum,DE,Germany,XL,FC,VH,A,21.2,411,11,601+,2.3,701+,59.7,208,61.1,314,29.6,425,62.3,231,14.7,570,18,567=,29.5,416.0,375.0,False
379.0,312.0,Tufts University,US,United States,L,FC,VH,B,18.1,497,5.3,601+,56.2,263,42.9,312,25.2,532,36.2,374,18.9,552,47.7,143,50.9,301=,29.4,312.0,379.0,False
380.0,425.0,Flinders University,AU,Australia,L,FC,VH,A,13.3,601+,6.7,601+,6.5,701+,42.6,313,97,127,89.5,119,38.9,385,10.5,701+,64.8,226=,29.2,425.0,380.0,False
382.0,256.0,Mahidol University,TH,Thailand,L,FC,VH,A,42.4,200,30.3,322,77.7,147,4.7,701+,6,701+,5.1,701+,10.3,666,11,701+,27.6,471=,29,256.0,382.0,False
384.0,378.0,Nankai University,CN,China (Mainland),XL,FC,VH,A,21.1,414,8.6,601+,29.5,526,73.9,132,11.2,701+,3.5,701+,8.1,701+,18.9,440,22.5,521=,28.6,378.0,384.0,False
384.0,384.0,Westfälische Wilhelms-Universität Münster ,DE,Germany,L,FC,VH,A,31.5,278,24.6,389,55.3,271,12.5,688,30.3,489,4.9,701+,59.1,252,26.1,314,27.6,471=,28.6,384.0,384.0,False
386.0,380.0,University of Hawaiʻi at Mānoa,US,United States,L,FC,VH,A,16.1,543,8.5,601+,36.8,429,48.6,279,53,345,12.9,664,53.7,293,10.7,701+,47.5,320=,28.4,380.0,386.0,False
387.0,490.0,Aix-Marseille University,FR,France,XL,FC,VH,A,36.1,241,4.5,601+,8.3,701+,26.5,468,18.5,609,19.9,549,99.4,13,11.3,701+,64.5,228=,28.3,490.0,387.0,False
387.0,288.0,Belarusian State University,BY,Belarus,L,FO,VH,A,26.6,327,42.5,219,95.3,61,1.3,701+,4.1,701+,49.9,294,3.4,701+,24.5,341,1.4,701+,28.3,288.0,387.0,False
387.0,327.0,National Taiwan University of Science and Technology (Taiwan Tech),TW,Taiwan,M,FO,VH,A,27.1,321,37.8,256,43.6,360,27,463,17.5,622,31.1,410,1.9,701+,18.5,451,26.6,481=,28.3,327.0,387.0,False
387.0,256.0,Universiti Brunei Darussalam (UBD),BN,Brunei,S,CO,VH,A,21,420,5.5,601+,96.3,54,8.2,701+,100,47,65.1,231,2.3,701+,27.4,296,4,701+,28.3,256.0,387.0,False
392.0,457.0,Institut National des Sciences Appliquées de Lyon (INSA),FR,France,M,FO,VH,A,7.8,601+,29.4,331,37.1,425,50.8,258,29.4,492,69.3,213,18.8,553,12.8,674,20.5,540=,28.2,457.0,392.0,False
392.0,406.0,South China University of Technology,CN,China (Mainland),XL,CO,VH,A,12.5,601+,4.2,601+,19,694,95.4,50,10.4,701+,4.5,701+,9.7,674,21.9,380,10.2,667=,28.2,406.0,392.0,False
392.0,408.0,Technion - Israel Institute of Technology,IL,Israel,L,FC,VH,A,25.4,345,27.8,347,43.9,358,25.4,479,64.8,296,4.6,701+,12.8,628,30.7,250,26.1,485=,28.2,408.0,392.0,False
392.0,422.0,Xiamen University,CN,China (Mainland),XL,FC,VH,A,25.9,340,11.6,601+,20,664,65.3,170,5.4,701+,3.4,701+,25.4,494,21.5,387,17.1,579=,28.2,422.0,392.0,False
396.0,490.0,Justus-Liebig-University Giessen,DE,Germany,L,FC,VH,A,13.6,601+,6.1,601+,1.7,701+,85.7,92,12.1,701+,18.9,561,63.8,221,9.5,701+,11.1,655,28.1,490.0,396.0,False
396.0,322.0,Kazan (Volga region) Federal University,RU,Russia,L,FC,VH,A,22.7,387,7.6,601+,93.7,68,2.8,701+,10.5,701+,96.1,82,61.7,234,11.2,701+,24.4,497=,28.1,322.0,396.0,False
396.0,416.0,"Stony Brook University, State University of New York",US,United States,L,FC,VH,A,18.9,473,7.6,601+,30.4,517,31.8,424,45.2,376,51,285,34.4,424,18.5,449,88.8,97=,28.1,416.0,396.0,False
399.0,308.0,HSE University,RU,Russia,XL,FO,VH,A,27.3,318,31.9,308,90.7,82,1.9,701+,6.3,701+,16.1,597,71.1,191,13.4,639,5.1,701+,28,308.0,399.0,False
400.0,481.0,Iowa State University,US,United States,L,CO,VH,A,20,440,13.5,597,8.4,701+,58.7,217,4.6,701+,11.1,690,50.9,307,27.2,300,51.8,295=,27.9,481.0,400.0,False
400.0,369.0,Universidade Nova de Lisboa,PT,Portugal,L,FC,VH,A,28,313,20.2,452,19.6,679,24.2,498,24,548,47,309,63.5,224,18.8,444,40.2,362=,27.9,369.0,400.0,False
403.0,494.0,University of Granada,ES,Spain,XL,FC,VH,A,44,192,9.8,601+,5.6,701+,23.3,509,3.4,701+,16.1,598,96.8,34,5.1,701+,36.1,391=,27.8,494.0,403.0,False
404.0,453.0,"University of California, Riverside",US,United States,L,FC,VH,A,17.5,505,7,601+,6.7,701+,59.9,207,63,307,9.1,701+,45.1,346,10,701+,46.6,327=,27.6,453.0,404.0,False
404.0,412.0,University of the Philippines,PH,Philippines,XL,FC,HI,A,34.4,250,58.9,136,38,415,1.9,701+,1.6,701+,1.1,701+,9.3,685,35.3,213,38.7,370=,27.6,412.0,404.0,False
407.0,486.0,Auckland University of Technology (AUT),NZ,New Zealand,L,CO,VH,A,19.3,464,11.7,601+,10.3,701+,18.5,575,100,59,99.3,48,12,635,19.3,433,71.5,196=,27.4,486.0,407.0,False
409.0,408.0,Colorado State University,US,United States,L,CO,VH,A,18.8,475,18.2,482,56.8,258,20.3,553,12.3,701+,4.2,701+,54.9,285,15,559,97.7,29,27.3,408.0,409.0,False
410.0,465.0,Universidad de Santiago de Chile (USACH),CL,Chile,L,FC,HI,A,43.3,197,72.9,92,8.7,701+,4,701+,6.6,701+,2.2,701+,7.3,701+,4,701+,12.9,635,27.2,465.0,410.0,False
410.0,369.0,University of Kansas,US,United States,L,FC,VH,A,15.1,577,13.3,601+,83.6,116,9,701+,72.6,263,7.8,701+,35.7,414,23.5,359,71.8,194=,27.2,369.0,410.0,False
413.0,438.0,Oxford Brookes University,UK,United Kingdom,L,CO,HI,A,28.9,301,29.7,329,13.8,701+,8.4,701+,68.8,282,70.3,209,27.1,481,18.4,454,34.3,409=,27.1,438.0,413.0,False
413.0,402.0,Royal Holloway University of London,UK,United Kingdom,M,CO,VH,A,16,546,5.7,601+,13.7,701+,36.3,384,94.4,155,88.7,125,23.7,511,11.1,701+,38.1,377=,27.1,402.0,413.0,False
415.0,461.0,James Cook University,AU,Australia,M,FC,VH,A,15.4,567,8.7,601+,14.1,701+,51.1,255,42,393,13.5,650,42.5,359,9,701+,83.3,131,27,461.0,415.0,False
415.0,267.0,Moscow Institute of Physics and Technology (MIPT / Moscow Phystech),RU,Russia,M,FO,VH,A,19.8,446,19.9,455,96,57,16,620,31.4,480,53.1,273,5.4,701+,15.7,534,1.2,701+,27,267.0,415.0,False
415.0,416.0,The American University in Cairo,EG,Egypt,M,CO,HI,B,30.3,287,23.8,405,42.8,368,4.6,701+,97.9,115,3.9,701+,1.4,701+,63.3,92,16.3,588=,27,416.0,415.0,False
418.0,264.0,Tomsk State University,RU,Russia,M,CO,VH,A,23.1,376,10.9,601+,99.4,32,5.1,701+,23.7,555,91.5,109,23.4,514,7.3,701+,3,701+,26.9,264.0,418.0,False
419.0,477.0,UNESP,BR,Brazil,XL,FC,VH,A,39.3,219,34.6,282,15,701+,16.2,614,6.2,701+,2.8,701+,34.5,422,5.7,701+,53.7,287,26.8,477.0,419.0,False
419.0,443.0,Washington State University,US,United States,L,FC,VH,A,24.4,354,17.9,489,16.2,701+,35.4,386,50,358,5.5,701+,46.5,335,11.1,701+,49.7,309=,26.8,443.0,419.0,False
421.0,284.0,Graz University of Technology,AT,Austria,M,FO,VH,A,14.5,595,11,601+,99.5,31,13.6,664,75,255,58.8,258,10.4,664,13.6,629,4.2,701+,26.7,284.0,421.0,False
421.0,260.0,Novosibirsk State University,RU,Russia,M,CO,VH,A,27.5,317,14.4,572,93.5,69,12.6,685,6.7,701+,56.3,264,5.3,701+,12.9,667,6.8,701+,26.7,260.0,421.0,False
421.0,434.0,Université de Strasbourg,FR,France,XL,FC,VH,A,39.6,216,7.9,601+,5.3,701+,23.1,512,35.6,449,38.6,357,70.2,194,10.9,701+,14.9,614=,26.7,434.0,421.0,False
428.0,347.0,IE University,ES,Spain,M,FO,HI,C,7,601+,40.9,230,56.2,262,2.6,701+,94.6,154,100,4,1,701+,39.4,183,6,701+,26.4,347.0,428.0,False
429.0,457.0,University of Trento,IT,Italy,L,CO,VH,A,24.6,352,8.9,601+,19.3,685,44,305,26.9,509,6.2,701+,61,238,9.3,701+,34.9,400=,26.3,457.0,429.0,False
431.0,477.0,Koç University,TR,Turkey,M,FC,HI,B,22.4,393,47.3,187,24,591,28.6,448,27.3,504,11.2,687,6.4,701+,11,701+,29.9,449=,26.2,477.0,431.0,False
431.0,436.0,National Taipei University of Technology,TW,Taiwan,M,FO,VH,A,15,584,57.7,144,27,560,34.3,398,21.1,582,18.2,571,1.3,701+,17.3,485,12.6,638,26.2,436.0,431.0,False
431.0,332.0,National Taiwan Normal University,TW,Taiwan,M,CO,VH,A,34.5,248,20.8,448,65.4,209,5.9,701+,14.5,674,26.7,452,1.5,701+,14.7,571,43.2,344,26.2,332.0,431.0,False
436.0,471.0,Dublin City University,IE,Ireland,L,FC,HI,A,19.7,452,27,360,25.6,575,12.4,690,76,248,19.3,557,19.3,548,24.8,334,81.7,137=,26,471.0,436.0,False
436.0,415.0,Tampere University,FI,Finland,L,FC,VH,A,22.5,391,19.5,463,23.9,595,31.8,422,32,473,6.4,701+,56.4,275,20.6,406,37.2,387,26,415.0,436.0,False
436.0,428.0,University of Science and Technology Beijing,CN,China (Mainland),L,CO,VH,A,12.6,601+,3,601+,10.7,701+,97.3,39,3.3,701+,3,701+,9.2,691,6.2,701+,3.3,701+,26,428.0,436.0,False
441.0,354.0, University of Dundee,UK,United Kingdom,L,FC,HI,A,18.3,488,13.6,595,37.5,418,14.2,654,96,142,79.9,162,27.4,475,10.5,701+,21.8,524=,25.9,354.0,441.0,False
441.0,433.0,Université Laval,CA,Canada,L,FC,VH,A,19.9,443,11,601+,25.6,577,25.1,484,67.4,290,36.3,372,55.4,280,24.4,343,31,432=,25.9,433.0,441.0,False
441.0,392.0,University of Utah,US,United States,L,FC,VH,A,15.9,548,6,601+,53,295,36.5,383,25.3,530,10.1,701+,54.4,289,14.9,560,49,315,25.9,392.0,441.0,False
444.0,350.0,University of Connecticut,US,United States,L,FC,VH,A,15.1,576,6.9,601+,14.5,701+,41.6,327,47,368,19,560,61.4,237,21.7,383,61.9,243=,25.8,350.0,444.0,False
446.0,350.0,Johannes Kepler University Linz,AT,Austria,M,CO,VH,A,12.5,601+,13.5,598,82.9,122,16.1,617,86.3,201,27.2,447,26.5,487,11.1,701+,18.4,560=,25.7,350.0,446.0,False
446.0,347.0,University of Jyväskylä,FI,Finland,M,FO,VH,A,17.2,518,12.5,601+,86.2,100,15.3,626,40.9,404,2.8,701+,54.7,287,11.4,701+,30.2,447=,25.7,347.0,446.0,False
452.0,499.0,Central South University,CN,China (Mainland),XL,FC,VH,A,8.8,601+,3.4,601+,5.6,701+,98.4,28,6.6,701+,3.6,701+,13.5,616,9.9,701+,8.9,689=,25.5,499.0,452.0,False
454.0,396.0,Indian Institute of Technology Indore (IIT Indore),IN,India,S,FO,VH,A,5.6,601+,4.3,601+,33.3,478,94.4,57,2.3,701+,1.1,701+,1.2,701+,8.4,701+,2,701+,25.2,396.0,454.0,False
454.0,461.0,Southeast University,CN,China (Mainland),XL,FC,VH,A,12.8,601+,7.4,601+,23.9,593,73.1,134,15.1,664,3.5,701+,21.1,536,8.8,701+,16.9,581=,25.2,461.0,454.0,False
454.0,384.0,Sultan Qaboos University,OM,Oman,M,FC,VH,A,16.7,528,13.7,593,56.7,259,18.4,577,100,58,3.4,701+,48.3,325,17.4,478,8,701+,25.2,384.0,454.0,False
459.0,465.0,"Essex, University of",UK,United Kingdom,L,CO,VH,A,16.4,535,5.1,601+,13,701+,25.6,475,99.8,82,99,53,40.1,380,13.4,638,9.6,678=,25.1,465.0,459.0,False
461.0,308.0,National Research Nuclear University MEPhI (Moscow Engineering Physics Institute),RU,Russia,S,FO,VH,A,10.2,601+,10.1,601+,99,36,10.9,701+,54.1,341,90.7,115,2,701+,18,466,1.2,701+,24.9,308.0,461.0,False
464.0,420.0,Johannes Gutenberg Universität Mainz,DE,Germany,XL,FC,VH,A,22.6,389,12.7,601+,54.5,281,14.8,641,38.5,418,16.2,594,70.2,193,10.4,701+,19,552=,24.8,420.0,464.0,False
465.0,369.0,Umea University,SE,Sweden,L,FC,VH,A,19.7,449,13.9,583,68.3,191,14.9,637,23.8,554,9.6,701+,44.8,349,12.7,681,47.8,318=,24.7,369.0,465.0,False
469.0,490.0,Ben-Gurion University of The Negev,IL,Israel,L,FC,VH,A,14.6,592,14.2,577,11.7,701+,52.7,245,65.3,294,15.7,607,20.1,544,10.5,701+,18.2,564=,24.6,490.0,469.0,False
469.0,443.0,Illinois Institute of Technology,US,United States,M,CO,VH,B,14.2,601+,15.6,532,13,701+,48.5,280,30.1,490,94.1,93,1.5,701+,13.6,632,2.5,701+,24.6,443.0,469.0,False
472.0,338.0,Hiroshima University,JP,Japan,L,FC,VH,A,23.6,366,14,581,81,136,9.6,701+,17.3,624,12.9,663,30,457,9.8,701+,37.5,382=,24.5,338.0,472.0,False
473.0,443.0,Beihang University (former BUAA),CN,China (Mainland),L,CO,VH,A,13.1,601+,5.5,601+,36.1,440,68.7,150,7.5,701+,4.9,701+,7,701+,13.1,656,15.2,608=,24.4,443.0,473.0,False
473.0,335.0,Ural Federal University - UrFU,RU,Russia,XL,CO,VH,A,21.3,410,13.3,601+,93.2,70,2.1,701+,5.7,701+,25.8,465,63.3,225,7.4,701+,24.8,490=,24.4,335.0,473.0,False
473.0,400.0,Vilnius University ,LT,Lithuania,L,FC,HI,A,19.8,447,27.8,346,83,119,3,701+,13,701+,14.9,622,43.5,351,25.5,325,11.7,647=,24.4,400.0,473.0,False
476.0,363.0,Kobe University,JP,Japan,L,FC,VH,A,28.5,308,38.8,248,53.2,292,11.6,701+,7.4,701+,7.7,701+,8.7,701+,11.9,701+,10.9,658=,24.3,363.0,476.0,False
476.0,400.0,Universitat Politècnica de València,ES,Spain,L,CO,VH,A,26.2,338,12,601+,47,332,19.6,561,4.3,701+,23.9,489,56.8,271,8.1,701+,28.1,467=,24.3,400.0,476.0,False
481.0,405.0,Satbayev University,KZ,Kazakhstan,M,FO,VH,A,23.3,370,36,272,84.3,111,1.2,701+,40.5,407,4.2,701+,1,701+,10.5,701+,1.3,701+,23.9,405.0,481.0,False
489.0,449.0,IPB University (a.k.a. Bogor Agricultural University),ID,Indonesia,L,CO,VH,A,21.6,399,39,244,66.1,203,1.7,701+,54.6,339,3.8,701+,1.2,701+,24.1,347,3.4,701+,23.6,449.0,489.0,False
489.0,499.0,"University of Rome ""Tor Vergata""",IT,Italy,L,CO,VH,A,31.5,277,12.6,601+,7.6,701+,38.1,367,7.1,701+,16.2,596,32.8,435,7.8,701+,15.2,608=,23.6,499.0,489.0,False
491.0,425.0,University at Buffalo SUNY,US,United States,L,FC,VH,A,18,499,8.3,601+,7.8,701+,37.2,378,42.8,389,33.3,390,23.3,516,24.6,340,50.6,305=,23.5,425.0,491.0,False
491.0,467.0,University of Iowa,US,United States,L,FC,VH,A,19.9,444,11.2,601+,48.2,325,20.9,548,22.3,569,4.6,701+,51.3,304,22.1,374,38.4,373=,23.5,467.0,491.0,False
494.0,392.0,Chung-Ang University (CAU),KR,South Korea,L,FC,VH,B,19.8,445,36.2,271,69.5,186,8.9,701+,13.8,690,36.3,373,1.7,701+,12.8,672,2.5,701+,23.4,392.0,494.0,False
494.0,461.0,Rensselaer Polytechnic Institute,US,United States,M,CO,VH,B,8.3,601+,7,601+,19.5,682,70.7,144,4,701+,44.3,326,1.6,701+,24.1,350,2.7,701+,23.4,461.0,494.0,False
498.0,346.0,Ewha Womans University,KR,South Korea,L,FC,HI,B,26.7,325,23,413,77.4,150,7.7,701+,7.8,701+,19.8,551,1.6,701+,15.3,552,6.9,701+,23.2,346.0,498.0,False
502.0,497.0,Jilin University,CN,China (Mainland),XL,FC,VH,A,14.3,601+,47.1,189,39.3,405,23.6,506,12.4,701+,2.2,701+,17.9,563,18.3,458,13.7,627=,23.1,497.0,502.0,False
505.0,428.0,National Sun Yat-sen University,TW,Taiwan,M,CO,VH,A,26.5,330,24.4,395,29.5,527,25.2,483,23.8,552,10.3,701+,2.5,701+,12.1,701+,20.9,536=,23,428.0,505.0,False
509.0,457.0,Sogang University,KR,South Korea,M,CO,VH,B,21.5,401,49.1,178,55.7,269,5.5,701+,7.2,701+,24.3,483,1,701+,16.5,513,1.4,701+,22.9,457.0,509.0,False
514.0,323.0,Pontificia Universidad Católica Argentina,AR,Argentina,L,FC,MD,B,20.4,431,32.3,303,99.9,22,1.1,701+,1.9,701+,8.8,701+,1,701+,19.8,420,1,701+,22.7,323.0,514.0,False
514.0,422.0,Shanghai University,CN,China (Mainland),XL,CO,VH,A,22.2,397,9,601+,53.3,291,25.4,476,43.8,383,5.9,701+,11.5,643,11.1,701+,15.8,598=,22.7,422.0,514.0,False
520.0,432.0,Universidad Austral,AR,Argentina,S,FO,VH,B,19.4,460,52.5,152,75.4,165,1.8,701+,2.4,701+,8.5,701+,1,701+,9.4,701+,1.2,701+,22.6,432.0,520.0,False
525.0,340.0,Universiti Teknologi Brunei,BN,Brunei,S,FO,VH,A,13.7,601+,3.9,601+,90.3,86,8.6,701+,100,46,5.5,701+,1,701+,34.2,226,1,701+,22.4,340.0,525.0,False
530.0,390.0,Universidad de Palermo (UP),AR,Argentina,S,FO,MD,B,9.3,601+,17.8,493,90.5,83,1.1,701+,40.4,411,96.6,79,1,701+,9.6,701+,1,701+,22.1,390.0,530.0,False
534.0,382.0,Peter the Great St. Petersburg Polytechnic University,RU,Russia,L,FO,VH,A,16.7,529,9,601+,77.6,148,3,701+,15,669,87.6,131,21.9,528,4.3,701+,18.2,564=,22,382.0,534.0,False
542.0,359.0,ITMO University,RU,Russia,M,FO,VH,A,12,601+,11.6,601+,96.2,55,6.9,701+,21.4,579,38.9,354,27.3,476,7.3,701+,15,612=,21.7,359.0,542.0,False
542.0,375.0,University Ulm,DE,Germany,M,FO,VH,A,7.6,601+,3.9,601+,78.3,144,33.7,404,41.1,403,21.1,533,14.5,603,7.2,701+,3.2,701+,21.7,375.0,542.0,False
551.0,449.0,Hasselt University ,BE,Belgium,M,FO,VH,A,5.8,601+,3.4,601+,78.8,143,18.3,579,76,247,23.9,488,27.2,478,10.2,701+,15.9,596=,21.3,449.0,551.0,False
556.0,358.0,"University of Chemistry and Technology, Prague",CZ,Czech Republic,S,FO,VH,A,6.1,601+,7.9,601+,99,35,12.9,680,27.8,502,71.9,201,3.2,701+,10.1,701+,1.3,701+,21.1,358.0,556.0,False
567.0,481.0,Bond University,AU,Australia,S,FO,VH,B,4.7,601+,5.2,601+,44.1,356,22.8,518,87.7,195,93.6,96,1.1,701+,11.7,701+,1.1,701+,20.8,481.0,567.0,False
575.0,410.0,HUFS - Hankuk (Korea) University of Foreign Studies ,KR,South Korea,L,CO,HI,B,13.4,601+,23.9,404,85.3,104,1.6,701+,32.3,471,45.1,320,1,701+,5.7,701+,1.3,701+,20.6,410.0,575.0,False
577.0,454.0,University of Tromsø The Arctic University of Norway,NO,Norway,L,FC,HI,A,12.1,601+,3.7,601+,70.5,182,8.9,701+,70.4,273,7.7,701+,42.5,360,9.6,701+,21.8,524=,20.5,454.0,577.0,False
580.0,486.0,University of Klagenfurt,AT,Austria,S,FO,VH,A,5.5,601+,4.3,601+,60.2,235,11.4,701+,95.2,148,86.6,137,3,701+,12,701+,1.6,701+,20.4,486.0,580.0,False
586.0,398.0,National Research Tomsk Polytechnic University,RU,Russia,M,FO,VH,A,9.7,601+,7.5,601+,93.9,66,4,701+,8.1,701+,76.6,177,21.3,535,8.1,701+,8.3,701+,20.2,398.0,586.0,False
595.0,477.0,Imam Abdulrahman Bin Faisal University (IAU) (formerly UNIVERSITY OF DAMMAM),SA,Saudi Arabia,L,FC,HI,A,7.6,601+,7.1,601+,85.9,101,2.3,701+,98.5,105,16.5,589,11.6,640,8.1,701+,19,552=,19.9,477.0,595.0,False
600.0,471.0,Tulane University,US,United States,L,FC,HI,B,9.6,601+,5,601+,81.5,134,10.4,701+,16.9,631,14.5,630,45.5,339,22.7,367,21.4,531=,19.8,471.0,600.0,False
600.0,441.0,Universität des Saarlandes,DE,Germany,L,FC,VH,A,11.1,601+,4.5,601+,89.9,87,8.3,701+,4.9,701+,39.2,350,39,384,20.1,416,2,701+,19.8,441.0,600.0,False
